sn,fault_time,label
000d33b21436,2020/9/2 16:42,2
005c5a9218ba,2020/6/28 19:05,2
0079283bde6e,2020/4/26 21:32,3
007bdf23b62f,2020/6/16 18:40,2
00a577a8e54f,2020/4/7 7:16,2
00a85fb232bf,2020/5/27 3:24,2
00ae2639c426,2019/12/30 5:24,1
00b9c343ace4,2020/11/13 1:29,2
00bdcf2207d5,2020/1/4 13:39,2
00c76d7884f5,2020/7/16 21:22,1
00efc5577dfb,2020/3/29 22:40,2
0100ff20a414,2020/6/24 10:08,2
0126a9b6fe8a,2020/11/17 19:42,2
0153c3f57a40,2020/11/14 16:02,1
017e4e6117e9,2020/10/23 15:35,3
017e4e6117e9,2020/10/22 20:11,3
01a40ffafd2f,2020/10/26 0:25,2
01ac9d690a5e,2020/11/20 10:09,3
01cf668b5570,2020/8/4 3:21,2
01d5da5da11d,2020/5/6 4:09,1
01d65d7f72a7,2020/11/21 17:33,2
01e9d5054c2a,2020/2/16 22:20,2
01f3b3f71d8b,2020/3/7 13:19,1
02214af9255e,2020/5/5 13:56,2
022744a139a6,2020/7/24 4:46,1
24101912048,2020/7/4 11:37,2
0241539b62ad,2020/2/4 16:33,1
024c4749a0e3,2020/2/28 3:17,3
024e23730328,2020/10/9 22:16,2
02a80f530dec,2020/2/2 21:08,2
02d5a67614ef,2020/10/26 7:53,1
0315e3cbb9a0,2020/9/28 18:44,1
033c5321b720,2020/10/25 3:55,2
033fbe8c691a,2020/4/28 16:17,2
033fbe8c691a,2020/2/1 4:04,2
035e7876c3f1,2020/8/19 20:20,1
03604903eada,2020/4/7 13:42,1
03aabe9ae504,2020/3/4 2:12,2
03d298ddc8cc,2020/2/21 11:26,2
03dc478f8a3d,2020/8/8 1:17,2
03de6d55c340,2020/5/22 17:40,1
03fa12cac8e2,2020/1/7 1:23,2
0406fac8a123,2020/2/6 7:49,1
040bce42108a,2020/1/27 15:43,1
042a0abc63b7,2020/9/21 21:19,1
4.38E+17,2020/9/10 18:14,2
0437ab217bf8,2020/1/15 12:19,2
043a428383ab,2020/2/18 3:08,2
044c97b0c918,2020/1/12 9:18,1
046638a6a0cf,2020/3/15 9:18,2
046aca4b871a,2020/6/7 18:38,2
047a3b61d7e8,2020/4/11 7:55,2
049f87bf7bea,2020/11/8 12:31,2
049f87bf7bea,2020/10/11 19:28,2
04c285d9aa84,2020/7/26 6:28,2
04cfc3fe40c8,2020/10/4 15:39,2
04e3263c8f31,2020/3/14 17:54,3
04fc9a006d6e,2020/11/12 23:24,1
054b6ad4c4c2,2020/6/4 17:43,3
0576714d2b3c,2020/9/26 15:24,2
058473fcd7a3,2020/1/6 18:26,2
0588ef9257aa,2020/5/12 11:02,2
05aceb8f3b0f,2020/3/16 0:41,1
05bf169ad0f9,2020/2/25 18:30,2
05cc397e8d63,2020/2/27 8:47,3
05ee961d9832,2020/10/28 4:35,1
61391837747,2020/4/28 17:21,2
062e38d099c8,2020/8/5 21:05,2
063cd0f3f495,2020/10/11 15:54,2
0644b62e93bf,2020/10/4 17:03,3
064d8eeeb721,2020/11/10 16:29,1
065e3aa51071,2020/8/9 13:08,1
065f0f566fe3,2020/10/3 15:20,1
066a072db209,2020/2/25 18:23,1
06a514b6a557,2020/5/26 4:38,2
06b5763fc72b,2020/1/23 4:56,1
06b5c0234366,2020/7/6 9:48,2
06cbd32fa8d3,2020/7/16 14:26,3
06f877a440ec,2020/2/16 20:43,1
0719ba704cac,2020/2/26 1:59,3
07206227d0cc,2020/5/22 3:55,3
07354c31bce0,2020/7/30 5:55,2
0736dc397a4b,2020/9/4 20:18,3
073dd3a2366b,2020/8/13 16:19,1
076c32ce7f3c,2020/6/11 17:58,3
0774d4bc2033,2020/4/1 17:44,2
07a6764574d3,2020/8/9 21:42,2
07a92693b9fa,2020/11/12 13:48,2
07aca31e3c6a,2020/1/18 17:17,1
07dbfe448d58,2020/4/28 4:40,2
081aab69aa54,2020/8/15 14:29,3
081cf524fd64,2020/5/23 9:51,3
084df8cdbe98,2019/12/28 21:38,2
085a2bdc74ef,2020/10/12 14:04,2
085bb85412b8,2020/4/15 1:18,3
0869943930b0,2020/4/1 12:50,1
0873e5c366db,2020/3/4 10:50,3
88385871684,2020/4/17 14:18,2
08844131075f,2020/7/22 21:56,3
08aa8b3f18e6,2020/8/8 16:25,2
08b9287f58ac,2020/5/4 10:40,2
08bc5fb82a43,2020/3/6 21:39,2
08ca717b88d8,2020/7/13 7:35,2
08cc73b554a6,2020/5/15 14:28,2
08d06b941849,2020/7/23 7:11,1
08f7f3a296ef,2020/8/13 14:31,1
09242393503c,2020/4/30 11:30,1
0931894ee674,2020/5/13 2:54,2
093f409fdfd8,2020/8/6 1:42,2
09504d5c7e22,2020/10/6 17:21,2
09504d5c7e22,2020/9/28 18:37,2
095889bbb824,2020/1/10 9:40,1
09741c05a224,2020/1/6 10:42,3
098095ad829c,2020/1/14 11:29,3
09a8fde2d48f,2020/11/23 15:15,2
09aed4b0f341,2020/3/18 14:41,2
09b3a4cde086,2020/9/23 1:20,1
09d2aa59499a,2020/10/26 6:27,1
09e7ed7b6f21,2020/5/20 23:31,2
09edb36d2f69,2020/8/2 10:19,1
09f7138a177c,2020/2/21 17:10,2
09fdcfdd146e,2020/9/13 19:56,3
0a11812722bf,2020/7/3 20:50,2
0a22eb18461b,2020/1/5 17:57,2
0a48a3e82655,2020/8/3 5:37,2
0a49ceb0f4ad,2020/1/10 17:37,2
0a9dd1d25c79,2020/1/28 12:15,2
0aa012104fae,2020/1/29 18:13,2
0ab4b3b9918d,2020/10/13 11:39,2
0abf2f25f03e,2020/5/19 5:59,0
0adba47c5c57,2020/7/11 16:44,1
0adba47c5c57,2020/3/17 16:14,1
0ae8cc476ba7,2020/4/20 22:59,2
0af59687f620,2020/10/15 11:40,3
0af5e879f91f,2020/2/24 16:41,1
0b033c73d814,2020/5/12 22:09,2
0b19f3914334,2020/3/31 19:59,3
0b46cbba1e14,2020/11/11 22:36,2
0b4a2f90d6ab,2020/5/29 4:27,1
0b576910d138,2020/5/6 10:56,2
0b69bd01a38f,2020/6/16 5:10,2
0b6a44d9d25e,2020/7/23 8:48,2
0b87bfd0b835,2020/3/31 6:29,2
0b8d1b5bfdd3,2020/4/29 3:50,1
0c2ae45bae81,2020/1/9 19:12,2
0c3ce352e585,2020/3/28 12:48,1
0c7a666d31c1,2020/9/9 12:48,2
0cbafab56bd6,2020/4/9 23:10,2
0cc97454dc81,2020/5/22 16:58,1
0cd67ef50c07,2020/1/17 10:36,1
0cfaad98062f,2020/5/13 6:42,1
0d19e760f513,2020/5/29 12:19,3
0d23e785469b,2020/9/19 20:26,2
0d38d7f2a541,2020/1/9 21:09,3
0d38d7f2a541,2020/8/14 10:50,3
0d4633a87791,2020/10/11 13:42,1
0d721dd6ddfd,2020/7/9 15:55,1
0d8a98a6482d,2020/5/22 23:31,2
0d9caffb863f,2020/6/12 11:22,1
0d9e3b97cbb4,2020/2/11 9:42,2
0da7cd70929b,2020/1/15 22:32,2
0db70ad401d6,2020/1/8 7:39,2
0dc209b1d4da,2020/4/30 18:08,2
0dca889a1d86,2020/7/19 16:14,2
0dd49d426166,2020/3/12 7:05,2
0ddfbf9e65ca,2020/7/16 11:57,2
0de02f6dcd3c,2020/1/30 2:28,2
0de185149766,2020/6/16 23:13,1
0de8c0d8c946,2020/10/6 19:36,2
0dfc43f3090b,2020/6/5 20:07,2
0e074cf16c7d,2020/11/16 0:12,1
0e091983fdad,2020/10/22 12:59,1
0e11cfee0560,2020/8/10 11:15,1
0e251af32ac5,2020/2/29 3:50,2
0e2f0363dbbc,2020/7/31 3:53,0
0e3194943beb,2020/6/13 8:40,2
0e3194943beb,2020/6/13 8:58,2
0e43cb933df6,2020/5/10 8:14,2
0e6ae313e5c4,2020/5/22 11:17,1
0e6c496ca9ee,2020/7/29 16:49,2
0e76310cd728,2020/4/20 20:28,1
0e987d039e9b,2020/5/16 16:06,2
0ec870fd957a,2020/6/21 14:30,3
0ef065adf2e6,2020/4/5 20:42,2
0f31653d4499,2020/8/19 18:03,3
0f38262fc1bf,2020/3/11 0:42,3
0f5f0c0a98a0,2020/2/27 15:47,2
0f734ed3f22c,2020/2/10 16:28,2
0f81245f2485,2020/8/7 2:00,2
0fb35a16754d,2020/7/14 0:52,2
0fc560400c4e,2020/3/11 8:26,2
0fcc694b074a,2020/3/7 16:38,2
0ff752a5f350,2020/2/23 20:30,2
1022432a18b1,2020/5/15 20:49,2
1.03581E+11,2020/10/3 13:12,2
104ffa99da42,2020/2/14 10:32,1
1073c88cee99,2020/7/1 4:30,2
107a1c72a282,2020/1/19 13:40,2
108e994ccb58,2020/6/14 22:14,1
1098bde35173,2020/7/10 10:09,2
109de10fff3a,2020/10/31 6:48,2
10bafc12a9be,2020/10/17 22:09,2
10d574ace05a,2020/10/11 23:21,1
10d80cc9d86e,2020/3/22 13:17,3
112735d985f1,2020/1/19 10:18,2
11303af9fd9f,2020/7/5 23:30,2
11577da4e6ad,2020/1/22 19:40,2
115bf4da3e01,2020/1/29 15:22,3
1163b4783d5c,2020/1/6 9:25,2
116663d5d39e,2020/8/21 11:57,3
1189102dfc8f,2020/9/5 16:14,2
118ba6fabef3,2020/9/8 9:18,2
119098a3d8df,2020/9/12 16:34,2
119c352e6608,2020/10/11 2:46,3
11b9451e004d,2020/9/2 2:02,2
11bfd0fa7fd3,2020/9/10 4:30,3
11f0adc98969,2020/3/15 0:39,2
11ff972c32ae,2020/6/14 22:59,3
12086f0ba276,2020/2/14 2:49,2
120d60c4821d,2020/4/19 2:28,3
121a3c576cd0,2020/9/23 12:27,2
12250208b3c5,2020/11/6 14:19,2
1237c7f31fe2,2020/10/6 7:14,2
123d1d62881d,2020/5/14 13:33,2
123fb7450fd9,2020/3/25 14:35,2
124404eaeed8,2020/4/16 13:13,1
12659397eb54,2020/9/4 5:27,2
12673fbf9ca8,2020/2/25 23:01,2
1268fe369580,2020/4/26 1:40,2
1294805011a3,2020/8/17 15:40,1
129529a24b4d,2020/9/21 1:13,2
12bb376e40c1,2020/9/25 4:56,1
12c2bcfee97c,2020/10/15 12:09,2
1321b00ef62a,2020/7/13 20:43,2
1341ba32bdc5,2020/9/11 3:42,2
1377bd048632,2020/4/17 20:35,3
137fa3f8d530,2020/7/3 13:30,2
138dd132b33f,2020/4/17 5:03,1
13a0f63fce5a,2020/11/23 13:32,3
13a5bd0ff73d,2020/8/7 23:05,2
13af69df7749,2020/7/29 19:48,1
13d12df47cca,2020/4/1 12:41,2
13dca529e901,2020/4/11 15:32,1
13e39f5144a1,2020/9/1 9:09,2
13eaea09c1c9,2020/5/17 22:53,2
13eaf4a735f7,2020/8/8 3:11,2
13f5f268a6c3,2020/2/28 13:19,2
13fc0947d323,2020/11/20 23:12,1
143702d85e31,2020/2/14 17:51,3
1439a06c37ba,2020/9/28 17:29,2
143ac57b1507,2020/5/15 16:10,2
1456f9887c32,2020/5/14 23:59,2
1457309c29a3,2020/1/15 1:05,1
145ecf9dcfdb,2020/2/10 7:51,1
146d2a0fa1d4,2020/9/21 5:55,1
147c9181cc99,2020/6/5 2:58,2
149c1662ed2a,2020/1/31 9:53,3
14c490921b4a,2020/1/13 18:46,2
14d1d5fbd366,2020/5/14 12:12,2
14d5fe3ccc93,2020/4/11 15:21,2
151ff729ef36,2020/4/16 3:49,2
151ff729ef36,2020/4/16 7:04,2
151ff729ef36,2020/4/16 3:47,2
152a2494bf6b,2020/5/13 12:09,2
153c96f8a302,2020/4/12 1:51,2
153e090036ee,2020/7/2 18:46,2
155dd4afb72e,2020/9/11 7:45,2
1565ee5043a1,2020/5/9 10:51,2
1574667d061e,2020/9/8 22:43,2
1.57828E+11,2020/8/10 8:25,2
157b3cfea131,2020/7/23 14:53,1
1.59226E+11,2020/11/1 8:32,1
1592e68ddf2e,2020/6/20 12:13,2
159a4d0a7514,2020/10/6 13:39,3
15a1548aa4dd,2020/8/22 13:14,1
15d4cfbeb13f,2020/2/25 14:36,2
15da2830b11d,2020/1/8 2:49,2
15f04f0c101f,2020/3/19 22:39,2
15f729d5d633,2020/5/8 20:47,1
15fa8e04f6f1,2020/7/24 16:36,2
15fa8e04f6f1,2020/3/11 6:38,2
160824cf04a4,2020/2/6 1:25,2
160c4c3260f5,2020/2/14 10:58,1
1630dd632876,2020/6/4 13:03,1
163172cf3ba3,2020/9/25 3:49,1
16360732790f,2020/4/27 2:58,3
16533a3c6690,2020/8/21 8:32,3
1681ae6a9a09,2020/2/23 19:54,1
16a3bac3f4c9,2020/10/3 20:39,2
16a8dff8cc19,2020/1/30 9:31,2
16a8dff8cc19,2020/9/7 11:46,2
16a8dff8cc19,2020/9/20 20:28,2
16c0cb897443,2019/12/29 10:49,1
16dcd3169684,2020/5/7 11:38,2
16fcc904b8ec,2020/2/15 3:33,1
1720f6c2d153,2020/10/28 18:27,1
172876886b04,2020/2/20 15:42,2
173e5098b26a,2020/5/8 21:46,2
1748950b7d34,2020/1/16 20:36,1
178fe42942b9,2020/2/19 18:02,3
17d808f7d5d8,2020/9/30 14:41,2
17ddb8055a43,2020/6/15 19:09,2
17de0b55121f,2020/1/25 20:03,3
17fc605238be,2020/7/1 8:19,1
17febe2fe8d7,2020/9/19 2:09,1
1813bffb283c,2020/10/7 12:12,2
181e5e4189a4,2020/11/16 22:34,2
1833fa387e37,2020/9/19 11:44,2
184537268c6c,2020/6/3 15:00,3
184fc326f077,2020/6/6 13:07,1
186b29b2ceda,2020/10/13 3:14,1
187ae530ca6b,2020/11/7 3:52,2
1887afe58fa8,2020/11/7 10:46,2
18a5cbe7dd36,2020/3/5 15:00,2
18abde0674d1,2020/6/8 5:44,1
18e9521d0e90,2020/3/30 14:55,2
18ea506bb90e,2020/9/23 7:00,1
18ecb3fcf466,2020/5/2 13:31,1
18ecb3fcf466,2020/4/30 14:05,1
18f87f8b1f50,2020/9/16 9:48,1
1910a830bc50,2020/8/4 16:10,1
193961bbaf59,2020/8/3 19:25,1
1.94973E+11,2020/4/17 18:28,2
1959b6975c8c,2020/7/22 11:12,1
1.96975E+11,2020/10/23 17:11,2
196d995c6521,2020/1/16 12:28,2
19aa52390874,2020/6/25 10:28,2
19d6be8b5719,2020/11/17 17:25,2
19dc8194b099,2020/6/8 13:04,2
19e46e9b0181,2020/7/26 22:27,2
19e6951c7207,2020/5/23 6:59,2
19ef7f0fffcb,2020/4/22 20:33,2
19ff2f256c4f,2020/4/18 17:56,1
1a085e272cc4,2020/11/17 10:32,2
1a1a2ba8fe31,2020/5/6 10:38,2
1a81092da72e,2020/10/26 13:22,2
1a9c301b1462,2020/2/11 2:01,2
1aa50d157af8,2020/6/16 13:11,2
1ab69474cdcf,2020/6/23 15:46,2
1ac0963fb356,2020/1/6 6:58,2
1ac1430252cf,2020/9/23 4:22,2
1ad800dea434,2020/9/28 19:37,2
1ad8f1f9d3c8,2020/3/31 3:15,1
1ad989b0c349,2020/10/13 21:13,1
1ad989b0c349,2020/11/15 22:05,1
1b127f3bb03d,2020/8/4 3:28,1
1b1388c1c09f,2020/6/26 23:32,1
1b51ccbae880,2020/2/8 16:06,3
1b549fc91df5,2020/5/16 10:41,2
1b671954abfa,2020/3/31 13:23,2
1b733da9703d,2020/6/16 5:00,2
1b733da9703d,2020/5/31 6:14,2
1ba36d90569f,2020/7/23 14:27,2
1bc3394059e2,2020/3/4 17:30,3
1bd196476327,2020/9/27 11:36,3
1bef9bec1b35,2020/11/13 8:40,2
1c201fdef983,2020/3/13 10:14,2
1c4a3c906aab,2020/9/22 19:37,2
1c63e65250eb,2020/6/20 12:13,1
1c6cd719848d,2020/7/7 19:26,3
1c98e42312fa,2020/9/21 0:48,2
1cadf1ff17e7,2020/10/26 22:02,3
1cb268c88683,2020/8/20 21:21,2
1cbd6fc08ff5,2020/8/5 3:16,2
1cbea1aaa3e9,2020/10/3 9:50,2
1d2f1ade13e0,2020/7/4 16:57,1
1d3726db37fc,2020/3/6 17:39,2
1d819712d8b2,2020/8/19 16:24,1
1d86c157796f,2020/7/15 14:55,1
1dae9979407a,2020/8/4 11:19,2
1dca08bde0f8,2020/3/11 23:03,2
1dd5d5bf3df1,2020/4/27 12:00,2
1deaf5e426e6,2020/5/19 19:07,2
1df9225e683f,2020/1/23 5:08,3
1e44a7bf74aa,2020/1/28 22:38,2
1e44a7bf74aa,2020/11/17 0:35,2
1e50e30ceeb6,2020/7/29 7:34,2
1eaba6f8d7c9,2020/3/25 11:42,2
1eaf01ea6c40,2020/3/19 9:49,2
1eb3fbec2844,2020/4/17 13:04,2
1eda0fd0c394,2020/5/13 5:46,2
1ee62896e58f,2020/5/20 16:04,1
1f0d79d2f5c4,2020/6/3 22:51,2
1f1340dab070,2020/7/15 17:33,2
1f1aab83b415,2020/7/19 1:43,1
1f1e64e30e37,2020/4/10 17:22,1
1f3c609eb26f,2020/7/29 10:09,1
1f895b8c72df,2020/5/22 18:26,2
1f96ba181253,2020/11/20 23:56,2
1fb2f761c3ae,2020/1/21 10:53,3
1fc764608ef9,2019/12/31 16:40,2
1fe5d3872b71,2020/11/19 12:33,3
1ff6da44052a,2020/2/20 16:34,2
1ff9a70fcd0a,2020/7/19 11:40,2
200b19db82c0,2020/1/25 6:18,3
202c4a173a13,2020/1/18 17:40,1
203e008582e3,2020/4/11 2:42,0
205905e3e27d,2020/5/28 14:57,2
206621827ebb,2020/4/1 2:06,2
206621827ebb,2020/3/10 22:44,2
2075408881cc,2020/6/26 17:28,2
207cae84b544,2020/5/31 2:44,2
20865d46ea20,2020/7/24 13:36,1
20b6f046d803,2020/3/2 19:39,1
20b8dd870b95,2020/3/27 23:41,2
20ce1b784686,2020/8/4 22:40,1
210ad760daa0,2020/10/27 19:01,3
210d21ba4c93,2020/8/8 18:15,1
213b9dc367af,2020/3/24 16:37,3
215284f103a0,2020/10/21 13:52,2
216897f86893,2020/9/23 13:23,3
217de3ae1729,2020/6/2 1:03,1
217e87ed469f,2020/4/26 4:28,3
21a906be083f,2020/11/19 10:25,3
21b81b309a39,2020/8/4 3:35,2
21c7aa68f002,2020/4/23 23:23,2
21c8ae6ccfa4,2020/2/25 21:07,2
21f9110a0d73,2020/2/18 5:41,2
21ff7fc9268c,2020/8/14 5:50,2
221fa9be7b74,2020/1/21 17:40,2
222d02bad9c2,2020/11/4 17:47,3
223df9ead809,2020/7/18 13:50,2
225e7e2791f4,2020/8/7 10:57,3
22892973ebae,2020/3/29 6:58,2
22c1598b6cdf,2020/2/22 14:02,2
22d0f8778949,2020/7/9 11:47,3
232722500a21,2020/7/16 11:59,2
2331e23fc015,2020/2/15 10:10,2
2346b896bbb1,2020/5/15 10:06,2
234cd860426f,2020/5/13 10:13,2
236a9caee155,2020/3/13 6:38,1
239953e88aac,2020/9/9 5:41,1
23ab30d47c11,2020/6/23 20:20,3
23dad80c6efb,2020/5/7 18:54,3
2400e2286001,2020/4/19 0:42,2
2436076ec6c1,2020/2/4 7:40,3
2436635a151e,2020/9/19 17:43,2
2445d15a906e,2020/5/17 6:12,1
2451e21afed2,2020/9/30 12:37,2
24528c5a9ccb,2020/5/10 21:10,2
247b46a3e33c,2020/7/2 9:16,1
24adef45b84b,2020/9/14 3:12,2
24d563053cfe,2020/2/7 23:47,2
24df4f335a3d,2020/5/13 18:57,2
24f179684cf1,2020/3/18 19:02,1
25020c265d8d,2020/5/20 1:42,1
25071f501416,2020/6/6 21:01,2
250e9290104b,2020/2/26 15:13,1
255cd3a63072,2020/9/24 17:46,2
255cd3a63072,2020/10/11 20:13,2
2569000dd810,2020/11/6 4:04,1
257f75a840fe,2020/7/31 2:06,1
2582f1ac7826,2020/3/18 3:18,3
259397769b6f,2020/11/13 7:16,2
2596c725b009,2020/4/16 10:38,2
25a8b6b5c9be,2020/5/20 12:59,2
25a8c62be9fa,2020/5/24 5:35,2
25ac349ce243,2020/6/23 23:20,2
25be743bee3a,2020/9/19 3:44,1
25cd44741763,2020/3/7 15:11,1
25ce5cd825a0,2020/10/18 13:58,1
25ff3080be29,2020/9/6 8:30,2
261b23ddccc2,2020/5/14 3:39,2
26209b71d5ec,2020/1/4 5:26,2
2626f5ca29c6,2020/4/23 19:00,2
26390d2a8d43,2020/1/7 13:17,3
264280145b1b,2020/2/21 1:40,1
2649d7f3a78b,2020/9/2 10:12,3
265edd45138d,2020/5/18 17:07,2
268e540f2809,2020/2/14 4:50,1
26b885e9b756,2020/9/9 7:42,1
26cb2c08e04d,2020/2/5 5:04,2
26d148de95f7,2020/6/11 7:57,2
26d819f5294b,2020/1/31 10:40,1
27147a976263,2020/2/14 6:28,2
27147a976263,2020/2/14 6:37,2
275b4e42cdc8,2020/9/24 14:31,2
275b4e42cdc8,2020/10/8 0:16,2
27ad862d6cbb,2020/4/9 5:46,2
27ad862d6cbb,2020/4/16 15:19,2
27cb13054306,2020/5/6 15:01,2
27d73db12303,2020/1/2 21:41,2
27dae6404105,2020/1/23 11:36,1
27ea9c1f1f23,2020/1/8 11:49,2
2808446b7ab5,2020/8/31 7:47,3
28124a13a53d,2020/10/23 22:46,3
281efa22269f,2020/9/14 22:18,2
282667ae1fbd,2020/2/21 2:33,2
28336261e789,2020/11/1 19:47,3
28405b758575,2020/1/23 13:48,1
284523dd4e96,2020/6/9 18:47,2
28788e5cd114,2020/10/4 18:43,2
287cfc92991d,2020/7/6 0:42,1
288a827e4e87,2020/3/10 1:40,3
2895d14b2b21,2020/11/15 10:38,2
28962f089789,2020/10/4 13:17,2
2897f04b5bc7,2020/10/26 3:23,3
2898bdbbadf9,2020/8/28 7:21,1
289c8159a720,2020/10/4 10:09,2
28a091699d2d,2020/3/17 21:53,1
28be2676bc8b,2020/4/12 20:34,2
28bfb1953b4f,2020/10/3 11:11,1
28f21a7867f8,2020/5/9 17:17,2
28f772031ae0,2020/8/21 18:07,1
294d28374883,2020/8/27 12:47,1
295c08b2214a,2020/2/28 2:33,2
298902ab887f,2020/7/2 15:38,1
298c0adc5579,2020/4/15 7:42,2
29abce53301b,2020/2/17 19:08,2
29e4e9bb4731,2020/1/5 4:07,2
29f9feb9d314,2020/5/1 6:11,2
2a05a97d69b5,2020/1/18 18:39,3
2a1019489507,2020/4/27 2:03,3
2a3cb9f975e7,2020/9/13 14:29,2
2a40a37af10a,2020/5/13 11:53,1
2a51dfc7b0ca,2020/3/3 23:20,2
2a53f72181a7,2020/6/22 2:41,2
2a56895fe46f,2020/10/9 13:09,2
2ab9e7ceffb0,2020/9/13 23:24,1
2abf27d402e5,2020/5/28 17:53,2
2ae45063e772,2020/5/5 0:13,2
2af7199d3d32,2020/9/22 15:16,3
2af7199d3d32,2020/9/21 19:26,3
2b0885eb3523,2020/4/21 20:18,1
2b727bc1c184,2020/5/26 13:11,2
2b8b6453ca27,2020/11/1 9:38,3
2b98a927cd18,2020/1/6 3:38,2
2b9ddaddfd70,2020/7/24 12:24,2
2ba569cc5adb,2020/10/17 18:03,2
2ba569cc5adb,2020/10/17 18:15,2
2bb107dab9f6,2020/1/18 20:14,2
2bb22c67bc76,2020/7/9 1:43,2
2bc29c6bba77,2020/9/14 6:51,2
2bc3a92f7ac0,2020/3/1 15:39,0
2bd752d0f09e,2020/1/2 10:15,3
2c089c79a11e,2020/9/3 22:03,1
2c4a85f3bed4,2020/5/6 17:30,2
2c837d6025cd,2020/4/5 19:03,2
2c90ff333589,2020/2/4 14:51,2
2c911e1e4b6d,2020/4/1 22:31,2
2ca6d6a511d7,2020/5/20 22:15,2
2ccb67ad09c0,2020/5/4 23:21,2
2cd435606d9d,2020/4/10 13:50,2
2cd89a74cfb4,2020/3/22 20:01,2
2d023328a179,2019/12/29 14:49,1
2d1b4d41103f,2020/5/2 8:51,2
2d43443ebaad,2020/10/25 22:38,1
2d4709b153cb,2020/8/4 17:49,1
2d59b312bad2,2020/10/10 20:01,1
2d63678279d7,2020/10/15 12:42,3
2d6e5a2f5f2c,2020/2/17 5:12,3
2d7a0793cc28,2020/1/28 12:14,2
2d9dec87df50,2020/8/4 17:43,2
2da2cd7cc623,2020/7/18 2:14,3
2dbf74c5c1ad,2020/10/17 9:39,2
2ddb1f0b14d5,2020/5/23 9:45,2
2deae48ca05d,2020/7/7 10:11,1
2df92ffe6d8f,2020/8/6 1:27,2
2df9793da007,2020/9/17 9:39,2
2dfe8d4fcb93,2020/8/17 18:55,3
2e1f1449f8de,2020/7/24 8:02,2
2e449b68be28,2020/2/11 6:23,2
2e7dc270bfae,2020/8/1 13:09,1
2eb0b23b5e3d,2020/1/26 11:40,2
2ed13346b6d9,2020/11/19 23:28,3
2ed8b92308ee,2020/3/16 9:22,2
2eddf0af40df,2020/2/21 15:53,2
2ef1fe044597,2020/8/4 15:13,3
2f275f96ee54,2020/7/4 5:56,2
2f7e672af073,2020/4/14 8:33,2
2f97645ff80a,2020/2/22 23:26,2
2f9cf9c32b4c,2020/1/17 12:19,2
2fa5abe4230a,2020/10/13 5:22,3
300f3143c170,2020/1/2 11:24,1
3032ddb60b05,2020/9/17 4:56,2
30371c5cda68,2020/7/17 12:50,1
3098ad6fa168,2020/1/16 16:27,2
30a6d9007aa3,2019/12/31 6:38,2
30b249cb56b2,2020/6/22 23:42,2
310cac349bf8,2020/4/17 20:18,2
31232b720dfe,2020/1/8 18:08,2
312754413b96,2020/1/5 19:47,2
313dd8b836df,2020/7/23 15:19,2
3142ae817078,2020/4/19 7:44,2
3144bc117f3f,2020/10/27 7:26,2
31608a547596,2020/10/18 9:08,1
3192e98713eb,2020/7/12 19:45,1
31962eabea88,2020/5/3 18:03,2
319b26030961,2020/1/26 4:46,2
31a360e5baed,2020/8/8 18:08,1
31b468fc6e65,2020/11/3 11:41,3
31ba6c172985,2020/1/15 17:10,2
31f3ae70c754,2020/8/20 7:43,2
31fbb1f1b2f9,2020/3/16 15:25,2
321d5f9cde52,2020/10/7 15:17,2
32206516b928,2020/1/3 12:18,1
325d08effc96,2020/6/17 8:00,2
325d08effc96,2020/6/15 22:01,2
326d1ed14ddb,2020/2/22 16:16,1
3285b64a57be,2020/2/1 5:37,3
32929a8f44b4,2020/8/15 23:31,3
32c2aed48caa,2020/6/11 17:55,3
32f5be01c5f0,2020/8/6 10:25,2
32f75060f282,2020/10/13 16:13,0
32fe73b508fd,2020/8/10 6:41,2
330d7e1153c4,2020/8/7 7:54,2
330d7e1153c4,2020/9/18 21:09,2
330d7e1153c4,2020/8/7 7:25,2
332a54c11206,2020/4/22 19:59,2
33383af56910,2020/2/7 11:06,1
33498961eb5f,2020/5/6 21:00,2
337250ccd0fc,2020/8/11 1:34,2
33757899a351,2020/4/16 11:35,2
3394baa7e0cd,2020/2/14 14:54,2
33b200516bd0,2020/1/26 18:51,2
33bb3bc14984,2020/9/7 4:01,1
33deb1acaa7d,2020/1/23 18:16,1
33e3787a284d,2020/10/22 21:32,3
33f6b4388380,2020/5/30 10:35,3
3409657aea36,2020/3/12 13:40,2
3458c37e03b4,2020/10/25 6:59,2
34a2296ea5cd,2020/6/6 13:02,3
34b02a163f55,2020/4/21 16:17,2
34cba483a865,2020/8/7 5:14,2
34dfcf7577ba,2020/5/24 15:44,2
34fe63a61a3b,2020/1/17 20:14,2
34fe7ba639ca,2020/7/9 16:24,1
3504acef9db6,2020/9/10 2:12,2
351149d60155,2020/7/3 14:06,3
3534315dd2fd,2020/8/28 1:02,2
3559aa7ffaa5,2020/7/21 11:15,2
355f0c3c286a,2020/10/8 9:12,2
3582d7582392,2020/4/6 12:25,2
35eb8e828e54,2020/1/8 10:08,3
35f40ebafa75,2020/7/3 14:45,3
35f524733d80,2020/5/16 13:21,2
35f524733d80,2020/5/16 14:29,2
360bfdc43595,2020/10/29 8:08,1
361315871b36,2020/2/10 7:55,2
3625203d9a67,2020/6/21 22:22,2
36350c33bca0,2020/5/8 12:15,2
363d96377afa,2020/9/4 23:44,2
3642196899c8,2020/2/20 11:34,2
3.64746E+11,2020/2/26 10:09,2
365f9647644b,2020/9/29 13:54,2
36658d9edc38,2020/7/13 21:41,1
3690540d85ec,2020/9/9 17:13,2
3697171792da,2020/10/27 2:54,2
369dcd601126,2020/3/23 20:41,2
36b5d6de31dc,2020/1/24 21:13,2
36c15eb3d997,2020/11/13 7:05,2
36cc6f63f08a,2020/3/23 21:55,2
36d656f8e6ff,2020/7/11 19:40,2
36f3a875fc56,2020/6/17 23:15,1
3734ea7d9c30,2020/9/12 3:56,2
3769dc29f48b,2020/8/27 5:53,3
37a1fb878da2,2020/10/28 0:51,2
37aaa824524e,2020/4/6 0:38,3
37ae1e57a0cd,2020/7/2 21:55,2
37af3931c76f,2020/5/28 21:17,3
37c9defc3438,2020/4/16 12:18,1
37cdd3003885,2020/6/19 15:10,1
37db56abadc3,2020/5/29 15:13,2
37fe7c4e0fc7,2020/7/3 18:40,3
380dab97aa33,2020/9/29 12:38,3
380f228b8b38,2020/8/2 13:34,2
38288a632d6f,2020/6/21 11:53,2
38414c19a443,2020/5/6 20:55,2
3845fe1dbef9,2020/10/26 0:07,1
384d0d859f42,2020/10/14 22:01,2
38549c3f2af9,2020/10/1 18:47,1
3859a44230d4,2020/8/31 15:41,2
3874828f8adb,2020/1/5 8:38,2
389c337da3d9,2020/4/17 5:11,3
389d0e028283,2020/1/12 21:39,2
38b7bfa63f10,2020/3/25 4:12,3
38d485acae55,2019/12/28 5:48,2
3908c441d660,2020/8/11 21:41,1
39190d30427c,2020/7/1 3:40,2
391c3d1815dd,2020/9/16 14:34,1
39484dfff794,2020/6/23 1:46,2
3968965cebbd,2020/11/17 2:59,1
3993a7c365c0,2020/4/20 6:43,1
3997778c6ccd,2020/4/17 9:48,2
39a34786c3a0,2020/1/24 13:32,1
39dd14512f7a,2020/10/21 9:13,2
3a17ed89dee0,2020/11/14 9:02,2
3a18cb35c7ce,2020/4/13 5:43,3
3a25c0cc79a4,2020/3/3 16:40,2
3a3255a88cb8,2020/9/3 12:20,2
3a5ac0cfa639,2020/5/29 22:48,3
3abc03e98ab7,2020/9/22 0:23,3
3ad1fe705c43,2020/7/3 21:27,2
3ae8e4226397,2020/7/18 9:19,1
3b20a209a552,2020/11/9 22:03,1
3b279a99121f,2020/1/3 10:15,2
3b2a3ded0b6b,2020/9/1 10:10,1
3b3db365880c,2020/5/14 2:58,2
3b4f5d358d52,2020/1/3 0:23,2
3b5049257853,2020/1/21 11:41,1
3b74c2abb65f,2020/7/15 21:43,2
3b7c9c6a87ed,2020/3/11 21:06,2
3b830f7eab8c,2020/2/10 17:48,2
3b8ba02deb6c,2020/3/11 13:08,2
3b8bb3344d79,2020/3/6 4:38,2
3b93ea5d8229,2020/5/27 9:38,2
3baa27b04c53,2020/8/11 4:14,2
3baa587d74ed,2020/1/24 16:57,2
3bb733d68eb7,2020/4/21 9:16,3
3bb738641077,2020/1/18 20:23,3
3bc9fc4c8da6,2020/10/8 19:14,2
3bd597b199fb,2020/6/19 12:19,2
3bd948cb2a7f,2020/9/16 8:55,3
3c09925c8c08,2020/11/11 12:08,1
3c14db3fc513,2020/11/21 6:35,1
3c1d251ed08c,2020/7/22 19:22,2
3c22fe656313,2020/6/2 15:47,1
3c6331b47ea6,2020/5/4 22:45,2
3c8968befae4,2020/1/27 9:29,2
3c9293186d7d,2020/6/26 21:18,1
3cae21fa81d4,2020/3/25 11:27,3
3cb4be6cdc68,2020/5/4 17:32,1
3cbde6080c96,2020/4/29 15:32,2
3cd79ef2efe5,2020/2/18 3:37,3
3cdc45c554f8,2020/8/7 19:20,1
3cdf2a9b032f,2020/9/18 6:16,1
3cf140f98c9b,2020/3/28 12:11,3
3cfc3ac147dd,2020/5/14 15:43,1
3d06212c57be,2020/7/15 2:12,2
3d06212c57be,2020/7/16 7:09,2
3d212f8a98b1,2020/10/29 23:59,2
3d3d177d2195,2020/9/3 16:56,1
3d40b50de97c,2020/2/1 9:52,2
3d42fde92bb7,2020/3/5 6:30,2
3d478bfb327d,2020/5/18 4:27,2
3d6acfc1ad57,2020/8/24 8:05,2
3d98e841fcb5,2020/1/18 11:38,2
3dad1f18aae3,2020/2/4 15:14,2
3dadb1752ad2,2020/10/14 11:05,2
3dadb1752ad2,2020/10/14 11:08,2
3dcd4cdfa00f,2020/9/9 22:00,2
3de210685def,2020/1/30 10:09,2
3e403e375641,2020/4/17 10:05,2
3e56a8251b19,2020/11/11 11:33,2
3e56a8251b19,2020/1/23 19:23,2
3e76002677e4,2020/8/16 13:55,2
3e7e303eec0d,2020/4/25 14:52,2
3e9312c8fbe6,2020/7/12 19:29,2
3eba77385e44,2020/7/8 5:00,1
3ed155dd99d2,2020/4/9 10:21,2
3ee361df3e0b,2020/9/20 1:58,2
3f17bd6d4e0f,2020/7/4 10:43,2
3f31add07b2d,2020/4/4 23:28,1
3f4db8714629,2020/4/21 2:44,2
3f70172603a7,2020/6/13 6:57,2
3f74f915faa7,2020/3/13 19:15,2
3f85c825bfde,2020/7/4 19:39,2
3f9d5e861965,2020/4/30 21:47,1
3fc12d706661,2020/2/17 20:30,1
3fc12d706661,2020/1/5 10:24,1
3fd55a9ff974,2020/1/4 22:29,2
3ffd62876065,2020/5/3 20:09,1
4022d1287482,2020/9/25 1:28,2
405254dc0b21,2020/7/28 6:55,2
4.05857E+11,2020/10/12 12:38,2
4.05857E+11,2020/10/12 12:47,2
405b87207bb8,2020/6/1 16:02,2
4066eeaab125,2020/8/31 22:50,2
40897bbfd973,2020/3/22 15:00,3
40a2dda5b177,2020/1/24 11:03,2
40b6bd12b991,2020/5/9 9:29,2
40c22f4803c2,2020/3/23 12:47,2
40cbf15298aa,2019/12/30 18:47,1
40d7ebb0ee86,2020/6/16 8:55,2
40ec5c55961c,2020/8/2 21:16,2
40f6fe0677a4,2020/3/1 10:40,2
40f72b5d5e47,2020/4/21 19:48,2
41000d77353e,2020/2/7 8:45,2
411467ef34c9,2020/5/20 6:23,1
411467ef34c9,2020/9/12 15:48,1
4127176458ec,2020/9/14 4:07,2
413530f1c69d,2020/4/18 5:12,1
4139a478bd09,2020/8/11 13:54,2
4146a18dcf37,2020/9/6 18:46,2
415305a8c0cf,2020/2/1 18:41,2
41a3fa5cb476,2020/8/30 17:01,2
41b54c6fa09f,2020/4/9 20:48,2
41ded859a03d,2020/10/30 21:53,2
4.21616E+11,2020/6/4 3:48,2
422b5adae5a6,2020/6/19 17:00,2
42452997c6b6,2020/11/20 21:40,3
42457b9c435c,2020/9/10 21:07,1
426c6ac0d76a,2020/4/1 8:20,1
426d36903e2b,2020/6/4 11:55,1
42900ec9f22b,2020/5/21 4:49,2
42af122c9f97,2020/4/2 1:54,1
42b6f33760ea,2020/2/14 10:46,2
42d95b85d566,2020/4/13 3:46,2
42e94c6db7ec,2020/2/28 14:52,2
42fbd1166e40,2020/11/4 14:04,1
43049b76fab3,2020/5/15 20:23,1
430b3c89b68d,2020/9/24 15:20,3
432038aaf713,2020/5/25 9:25,3
433db71ab28e,2020/2/4 9:06,2
43482650cccf,2020/2/25 10:49,3
4361762b91cc,2020/2/27 19:37,2
4.38334E+11,2020/6/9 4:22,2
43840ccebe86,2020/10/24 21:10,2
43911b3b5612,2020/1/15 8:29,2
4392d70cb282,2020/8/14 21:13,2
439629770de3,2020/6/26 4:17,3
43a52e9e7e0f,2020/2/5 19:38,2
43b7c6084ac6,2020/9/24 21:36,2
43e1d575233a,2020/6/12 22:22,1
43f5676c49a7,2020/11/25 14:10,3
43f965b8de94,2020/10/29 4:51,2
43fba528c2fe,2020/4/14 21:24,1
442596e8190a,2020/4/19 11:32,1
443ad2bc27e6,2020/6/21 15:20,2
4441947053ca,2020/4/30 9:30,2
44713d1965d9,2020/8/2 8:36,1
44a56a812c7a,2020/1/17 17:06,1
44fd93d5077a,2020/8/29 17:59,3
451f47413a02,2020/8/6 6:34,2
455290070dd4,2020/10/18 13:33,2
4564f994c5ac,2020/6/15 4:53,1
457d630adc51,2020/8/1 12:32,2
4599ffc8c626,2020/10/4 9:26,3
45b0ae10f68e,2020/9/7 6:10,2
45d55fa90106,2020/4/4 11:12,3
45d61ec68cb4,2020/5/1 16:02,2
45d999521330,2020/9/10 6:10,2
4610aaa74df4,2020/5/16 1:18,2
461452288e5e,2020/7/1 21:48,1
461a8431cc26,2020/6/19 4:21,2
46387dd077eb,2020/7/26 23:57,2
46409aafc8e1,2020/8/8 0:49,1
465acbb1f813,2020/6/14 17:29,2
465acbb1f813,2020/6/12 22:44,2
465bc347ac1e,2020/10/23 19:41,3
465bc347ac1e,2020/5/11 11:26,3
4665beb85a68,2020/5/5 5:47,2
4682b8e36d0c,2020/9/29 8:53,2
46860001baa5,2020/3/4 8:41,1
468e295b5929,2020/1/27 21:39,2
469e994f2785,2020/3/6 3:53,3
469e994f2785,2020/10/18 7:27,3
46a579a84acd,2020/3/17 20:27,2
46a979862a9c,2020/7/9 0:57,2
46ba6fe4b7fa,2020/7/9 0:04,3
46c5dd0598be,2020/9/25 18:25,2
4705a8416fbe,2020/7/3 1:00,2
4712c9ebad73,2020/6/25 10:23,3
4715e15ff7ea,2020/8/4 7:54,2
473514c549af,2020/8/8 15:10,1
4749c5426072,2020/7/30 13:37,2
47a0513622ee,2020/8/12 13:35,1
47a0513622ee,2020/7/27 14:23,1
47ea7350d260,2020/5/9 3:44,2
4825eb6e1bbd,2020/11/7 16:06,2
487a01ea15c3,2020/1/30 19:36,1
48973627f505,2020/3/20 2:05,2
48aab0c28283,2020/4/18 18:44,2
48cb86767c77,2020/9/22 5:44,3
48cfe50dc7aa,2020/4/4 8:48,1
48e135dbc38a,2020/4/3 23:24,2
48e221b9da94,2020/3/11 18:40,2
4917be1465c3,2020/1/29 23:10,1
491cde97df71,2020/5/8 14:02,3
494881f4fd64,2020/7/18 4:08,2
494f1a76db3d,2020/6/9 1:05,1
4961259b3bdb,2020/2/17 13:38,1
49780bba7ae7,2020/5/16 9:55,2
4990cc6cf27f,2020/4/7 12:27,2
4992a63c6834,2020/1/10 9:45,2
49a859b2ab75,2020/1/19 15:33,2
49a859b2ab75,2020/1/19 15:17,2
49aac1593297,2020/4/19 12:28,2
49ba38a549a7,2020/7/22 21:54,0
49bb138fb4ac,2020/5/7 21:49,2
49d3869734fb,2020/3/9 13:05,2
49e589e3d369,2020/7/18 4:46,2
4a6dfc858a75,2020/7/24 6:07,2
4a870beae464,2020/1/5 19:23,2
4ac88cc89ad6,2020/4/24 13:38,2
4add4b5733f6,2020/9/25 2:45,1
4aeb3e280299,2020/6/6 21:02,2
4b434fa47854,2020/1/25 3:04,1
4b82d8665732,2020/4/14 4:57,3
4b9e6a298792,2020/4/5 9:39,2
4bb43038622c,2020/8/18 12:22,3
4bcad7404e9f,2020/11/6 19:01,2
4bf437336bd6,2020/7/11 20:38,2
4c011b18d192,2020/9/10 12:18,1
4c69e8ebeda9,2020/5/7 19:15,2
4c8331eeaa73,2020/1/8 12:03,2
4cd4e76e9bbc,2020/5/12 13:45,1
4d1a9d831cb8,2020/10/2 14:14,2
4d442082d6f4,2020/7/11 13:52,2
4d50e0d7bae5,2020/8/11 16:27,2
4d6ec56c9935,2020/6/3 20:04,1
4d9b2b28b468,2020/10/1 10:21,2
4db59117aeb9,2020/3/5 21:29,2
4dbe2e2d3882,2020/9/17 8:29,1
4df9f7a4423d,2020/7/19 2:18,2
4dfbf84a2fad,2020/9/8 19:54,2
4e1c5c95f1e7,2020/2/23 13:47,2
4e3b70c2f963,2020/8/27 15:34,3
4e440d40461f,2020/4/2 17:02,2
4e50c68c188c,2020/8/8 20:08,3
4e59c03e4f4d,2020/5/28 4:55,2
4e5c264b9721,2020/1/13 18:30,2
4e858dc6e1af,2020/5/15 13:53,1
4ea32cad53f6,2020/2/6 20:07,2
4eb456e0f6bc,2020/4/2 22:29,2
4ec063126ae1,2020/5/9 12:36,1
4ec063126ae1,2020/4/19 8:36,1
4ec150663e6e,2020/3/16 8:34,2
4eded3cdc91b,2020/5/17 20:51,3
4ee2a4b123fb,2020/5/30 9:14,2
4ee67584805f,2020/1/18 3:52,2
4ee75071d971,2020/3/4 20:41,2
4ee75071d971,2020/2/17 16:20,2
4ef1341181d5,2020/9/4 22:25,2
4ef99f75382a,2020/7/16 3:40,3
4f08b6093b98,2020/4/25 21:30,2
4f248191adce,2020/7/30 8:05,3
4f41b894553b,2020/3/29 18:24,2
4f4a3036e084,2020/8/14 15:33,1
4f5d86a5e576,2020/11/22 10:17,3
4f7bfa230ad4,2020/6/23 16:02,2
4f8799707bab,2020/8/25 10:01,1
4f8799707bab,2020/10/16 5:11,1
4f9084385153,2020/5/26 9:50,2
4fb3f31eba02,2019/12/31 3:57,2
4fba0c2fbdfe,2020/2/8 5:50,1
4fcb52000246,2020/6/19 0:37,3
4fea7319aa6c,2020/10/17 10:19,2
4ff9dca98c28,2020/5/2 9:19,2
50532db0f8c1,2020/9/18 15:28,3
506eae356140,2020/4/9 17:03,2
507ad6177013,2020/7/7 3:37,2
5083e39f5ca3,2020/1/6 20:27,1
508df8bae0d1,2020/9/16 22:47,3
50a10d4f79f3,2020/8/29 15:16,2
512d7325aebc,2020/7/20 12:22,2
513c7d59a5cc,2020/9/16 15:40,2
513f989be2e6,2020/9/16 10:43,2
5176934cb434,2020/2/6 22:28,2
51b6f0095326,2020/6/15 9:31,1
51bca554d3ab,2020/7/3 17:26,1
51c2d97b8e0d,2020/2/12 6:51,1
51e10aca257f,2020/5/8 9:14,2
51e57feae2d7,2020/5/14 5:10,1
5201b4b4294c,2020/4/13 15:58,1
5202c4dfe48b,2020/5/1 1:34,2
521d41b4cd96,2020/7/22 16:16,3
522983020a9c,2020/1/17 22:33,1
524541aedcb2,2020/2/17 9:34,2
52704c85a824,2020/10/22 0:44,3
527cd8fef47c,2020/10/13 17:12,3
528078ff4d0f,2020/6/5 22:03,1
52b22b432f83,2020/5/5 17:19,2
52c40b3a724b,2020/9/18 16:30,2
52e52b574807,2020/1/29 9:49,2
52f9fe4ee14f,2020/7/27 5:54,3
530a9670d525,2020/9/15 8:50,2
531d6f3cc225,2020/11/16 16:35,1
533c2e8bca5a,2020/1/29 7:03,2
5347f9ee10dc,2020/3/27 23:28,2
537f0c3d4abe,2020/11/15 15:09,2
53b43d371254,2020/8/23 10:15,1
53bc51d65436,2020/3/1 10:57,2
53dff628a99e,2020/6/16 20:01,2
53f0ecb8bfe7,2020/4/9 13:43,2
540fd35d3b63,2020/10/8 1:33,1
541e1d8600c4,2020/1/5 15:51,2
5449b2458ef8,2020/4/15 8:31,2
5465aaf709da,2020/7/19 13:14,2
5465aaf709da,2020/9/3 16:25,2
5476f4c57b6a,2020/8/24 5:56,2
5497fd9c8304,2020/4/24 8:14,3
54c57fb3b356,2020/7/29 6:26,2
54caa60d905e,2020/10/11 11:16,1
54d206e8b8fa,2020/3/4 21:06,2
54f6257b4a32,2020/9/20 18:36,2
5500a8cdc6a8,2020/4/21 16:57,2
5509a1fafad5,2020/4/15 6:36,2
550c557b4eeb,2020/9/10 8:51,1
55195950896d,2020/5/20 23:13,2
551f271aa150,2020/10/7 19:51,2
552013ff2c74,2020/7/7 18:29,3
5532df58a75e,2020/2/16 13:36,3
5532df58a75e,2020/8/1 20:17,3
5535f0258255,2020/9/15 21:03,2
5558603fe835,2020/3/30 14:42,2
55596cd402ef,2020/4/17 4:58,2
55646046ca2b,2020/4/22 22:06,2
557f057c469b,2020/2/12 18:55,1
55ab4cdfb2cb,2020/3/4 11:24,2
55ae94daa893,2020/3/15 14:09,2
55ae94daa893,2020/1/31 0:16,2
55d678baafbd,2020/11/23 21:26,2
55dad0f13ea5,2020/8/24 22:48,2
55db6f64dcd5,2020/5/19 16:56,2
55df67118a89,2020/5/28 10:19,1
55ee4ee82c08,2020/11/20 14:16,1
55f04ea33683,2020/2/5 4:47,1
560f9493003d,2020/5/18 3:31,1
5.61603E+11,2020/4/14 18:58,2
561bf0adb970,2020/4/21 13:10,1
56312471d089,2020/4/11 7:15,1
5637bb6d5a64,2020/8/22 17:38,2
5642e59639c3,2020/11/6 3:38,1
56d0e0dae4a4,2020/8/11 6:31,2
56e173c680be,2020/8/21 13:03,2
56e96e7a97e6,2020/4/23 3:20,2
56f1b9334e5f,2020/3/2 10:43,2
57291748c0da,2020/7/28 19:38,2
5739c7d9fb9a,2020/8/12 16:57,2
573e16d2d831,2020/5/20 22:11,1
573f67bbf383,2020/10/10 20:09,3
5.76388E+11,2020/6/23 18:27,3
57a0535326a6,2020/11/6 7:55,3
57d502eaf125,2020/1/27 6:58,2
57ed7afd0f4b,2020/11/14 9:55,3
58080ae41969,2020/4/16 9:15,1
580e7cb43def,2020/8/10 9:51,2
5821ce731e0a,2020/11/18 10:47,3
5837ec2ff2d9,2020/9/22 16:53,2
586079174ed5,2020/4/17 11:52,2
5867471b6ced,2020/5/15 22:40,2
587dffafbe22,2020/4/16 12:45,2
58c1f2e6a0ec,2020/6/26 16:44,3
58c274f31789,2019/12/29 7:41,2
58d6c748ead8,2020/8/8 15:53,2
58de360cffbd,2020/9/20 5:44,2
58f80a2d7058,2020/7/23 20:24,1
5907dc38581b,2020/10/29 10:09,1
59159291edcc,2020/5/12 0:03,2
59159291edcc,2020/1/17 18:34,2
5917159d31e6,2020/8/14 17:04,2
593fbb91943a,2020/3/20 8:31,1
5970754cd768,2020/8/22 13:21,0
5984bbdb242f,2020/1/21 5:48,2
59adf7b11a67,2020/9/6 22:12,1
59ae88716b0e,2020/9/17 3:40,3
59cc0ae01c40,2020/8/19 22:03,1
59ee31c034b0,2020/3/29 9:40,2
5a6419b0cbff,2020/2/25 5:13,2
5a7165c27858,2020/8/11 2:24,1
5a8e116e16b6,2020/7/30 2:34,1
5a8e2e691a5d,2020/3/29 16:45,2
5aa7695f80e3,2020/8/29 5:15,3
5aaaa94deaf4,2020/6/1 11:21,2
5ab94868ebd7,2020/5/13 3:53,2
5aba22ccccf1,2020/5/18 2:00,2
5abe88c1cd8b,2020/4/8 20:47,2
5ace799029b0,2020/9/2 1:09,2
5b20fd265a4c,2020/1/19 19:37,2
5b3a6827228c,2020/8/10 8:21,1
5b58592f896c,2020/6/8 4:08,2
5b732634f29c,2020/6/7 17:22,2
5b8b50afc2b3,2020/8/22 22:10,1
5b938f222413,2020/5/22 3:16,1
5b963f5dbe9d,2020/8/12 16:30,2
5ba52c8c973f,2020/5/8 18:30,2
5baca6f37e01,2020/7/9 10:53,2
5bacd9ea632a,2020/3/8 22:45,3
5bdf3479726a,2020/11/9 12:32,1
5bdf6758df63,2020/6/3 13:44,2
5be7726c102f,2020/6/15 13:08,3
5c0ef8ba796f,2020/2/19 22:10,2
5c16763884ae,2020/5/28 6:38,2
5c30450c2f7c,2020/9/19 10:09,2
5c94e9800893,2020/2/28 22:42,1
5ca84a1bc8ec,2020/4/7 12:35,2
5ce7dcf0a680,2020/4/4 7:39,1
5d0eb06da925,2020/6/21 20:46,2
5d1ce9d0032a,2020/1/2 10:43,2
5d39333c8540,2020/8/2 15:00,0
5d5900864545,2020/2/6 4:09,2
5d6f3368aa33,2020/4/12 1:23,0
5d76ec9bc605,2020/5/18 16:38,2
5d802f2c42a9,2020/8/7 6:34,3
5d86cf7f98ac,2020/1/15 15:39,1
5dff2bd1e885,2020/2/18 19:20,1
5e3dc61884d2,2020/10/19 13:52,2
5e4fa829afbc,2020/6/27 11:23,3
5e5a225521c0,2020/7/15 19:50,2
5e6717f9da40,2020/2/25 5:33,2
5e8b52431492,2020/8/5 12:15,2
5e9f9edefe9e,2020/3/7 0:05,3
5eac32d2ab15,2020/8/2 13:46,2
5ecb73758cff,2020/3/4 4:41,2
5eccd2e5482e,2020/8/8 16:56,1
5ed50792a882,2020/3/22 16:39,2
5edb5f4450fe,2020/11/14 14:41,2
5edf8b8e8ae7,2020/7/4 12:42,2
5efc193046e0,2020/4/9 5:03,2
5eff558ca368,2020/7/31 23:17,2
5f16ce92c56a,2020/3/6 23:37,3
5f1b5183ac3e,2020/1/10 1:30,2
5f455ad46184,2020/7/25 9:44,2
5f455ad46184,2020/8/4 21:42,2
5f5f2ceee9be,2020/6/22 21:50,2
5f8492182952,2020/7/31 15:44,2
5f84aa73912a,2020/3/27 22:55,1
5fb0803c7ea6,2020/7/5 5:46,2
5fbc5388b4ea,2020/7/13 14:37,1
5fbc65cfcf3d,2020/8/1 20:01,2
5fbc65cfcf3d,2020/9/24 8:24,2
5fc613097c6d,2020/6/3 0:50,1
5fc6f6377c9c,2020/6/22 20:11,1
5fdcd9fc4f38,2020/8/25 20:03,2
5fe5e4ce8f45,2020/11/15 18:53,1
5fe72e648a65,2020/4/2 10:13,3
5fe7964aaa7c,2020/5/17 18:48,1
5ff432407a20,2020/3/2 20:07,1
6007455de100,2020/8/29 23:16,1
600b6e16f5d4,2020/5/5 10:18,3
600ce1e29b44,2020/8/21 11:11,2
604fd3d55da5,2020/6/22 9:22,1
605ace527987,2020/3/4 14:52,1
609807e005a1,2020/10/12 12:45,3
60c05d403b03,2020/3/17 6:00,2
60c4b802004c,2020/9/1 12:59,3
60c5b7d7c3be,2020/9/8 4:33,2
60caacba4229,2020/1/6 22:09,2
60e09026ccd1,2020/3/31 12:49,1
60f541d191a2,2020/4/8 15:35,3
6115f7effaa1,2020/7/27 12:46,1
614fdd6d3f5a,2020/4/22 11:50,3
616cab64f18a,2020/11/22 12:37,2
616f1a7c4900,2020/2/13 19:15,1
6174b92ba58e,2020/4/21 10:37,3
6175d1887d4f,2020/4/14 4:06,2
6178550c926f,2020/5/2 1:12,2
617b8b9e67a8,2020/2/27 1:21,3
6193985156a1,2020/5/9 19:43,1
6197d9ee95c5,2020/8/18 8:20,2
61a172d187b0,2020/10/20 18:37,1
61a49a135c42,2020/4/19 17:52,2
61a68885ef85,2020/10/20 16:11,3
61a68885ef85,2020/7/17 14:06,3
61bcd89449b7,2020/11/17 10:42,1
61c042376f87,2020/2/19 19:34,2
61e83fd983fa,2020/1/15 14:45,3
61f96f5e8368,2020/3/22 0:32,2
6284960ce795,2020/9/19 15:23,2
62a25d5a49fb,2020/7/21 23:22,1
62aef53209db,2020/1/30 16:33,2
62e3b502db04,2020/4/12 17:43,2
6318f382aef2,2020/2/1 21:24,1
6336fb5cd185,2020/8/20 7:58,2
635f83fe09c0,2020/1/25 7:16,2
63618ba98a5b,2020/10/10 6:29,2
636f733874d1,2020/7/28 7:54,2
6373270378b7,2020/8/13 15:24,3
637b174a90c0,2020/7/26 1:23,2
6385636bd437,2020/3/6 17:23,1
6386dd46aba4,2020/4/16 19:06,3
63997eeec1df,2020/9/11 1:44,3
63a2839f7cc7,2020/11/18 0:07,2
63bd314ed458,2020/9/2 12:43,1
63c06e52f1e0,2020/5/6 14:16,3
63c0a3cbcb9b,2020/8/27 19:56,0
63c0a3cbcb9b,2020/10/28 5:10,0
63c388eaddfe,2020/3/29 13:38,2
63d5cb5d5d60,2020/2/2 6:11,0
63d6da8aef4f,2020/1/8 19:36,2
63e3a29716d8,2020/2/19 19:32,1
63f07944e59a,2020/9/26 19:38,3
63f2761692af,2020/5/4 12:13,2
6401dba2fd4c,2020/1/11 11:41,2
64082e5d4055,2020/4/17 5:49,2
640a9c19eb74,2020/1/2 3:50,2
640a9d1f2716,2020/5/12 23:15,2
640ab818cd90,2020/8/31 8:34,2
64240590db70,2020/3/8 19:22,3
645cbbeeef1b,2020/10/10 1:27,1
6466e5ef3617,2020/9/27 17:53,1
6477cda7e073,2020/10/13 19:47,2
6481f253f278,2020/8/6 14:49,3
6492bed49dcf,2020/10/9 18:54,3
64a10137ca8e,2020/2/25 7:42,2
64a2d880bd4c,2020/1/11 11:05,1
64b7b04e377b,2020/9/12 16:19,1
64b7b04e377b,2020/9/10 5:55,1
64bc28264a04,2020/1/1 15:45,3
64cc036a2808,2020/3/22 18:45,2
64e04f121b2f,2020/4/7 19:00,1
64ec6e2be222,2020/1/12 13:09,1
64ed7f05d5e5,2020/9/9 16:02,0
64efd422c96a,2020/9/9 20:39,2
64f047c1f2f6,2020/2/8 7:30,3
64f49658a1f3,2020/4/6 19:33,1
6510c77b10d2,2019/12/31 6:31,2
6546bbdfcd4f,2020/6/11 0:30,2
65821b85215a,2020/9/8 12:40,3
65833d55b7df,2020/9/7 4:32,2
658bcf705f10,2020/10/16 8:18,2
6592181fdc81,2020/9/13 3:12,2
65954dc2d5e4,2020/5/11 9:15,2
65961a370273,2020/8/7 7:19,2
65a181981190,2020/2/10 9:18,2
65a7f0f2092c,2020/7/30 2:26,2
65aaec8b0f6c,2020/8/14 14:45,2
65aaec8b0f6c,2020/4/15 14:29,2
65c324e9642d,2020/11/12 1:30,3
65c64ff9175c,2020/1/16 17:07,2
65f1b2baff0f,2020/11/24 1:58,2
660228e73da3,2020/4/5 22:11,2
661bda2f8701,2020/10/5 12:45,3
66363d949731,2020/5/12 11:09,1
66589ef0d14d,2020/5/3 9:08,2
66711f6be0b3,2020/9/24 18:43,0
6687b5040c39,2020/10/17 11:26,2
668f2914ee68,2020/1/21 18:28,2
66a787d06371,2020/1/15 18:26,2
66b10eae64a1,2020/4/14 15:25,2
66cd2798672d,2020/7/31 6:16,1
66d4a2ecc586,2020/7/12 18:24,0
66de98955130,2019/12/31 16:35,2
66de98955130,2019/12/31 16:32,2
66e446ac057a,2020/10/31 14:37,2
66ee3626772a,2020/3/22 12:58,2
670ab3720d02,2020/7/11 10:42,2
670acf844368,2020/5/25 9:03,2
6.71982E+11,2020/9/4 15:31,1
672547a1204e,2020/8/30 15:57,2
672547a1204e,2020/8/31 23:59,2
673042b146d4,2020/6/19 9:58,2
6776c889016e,2020/10/7 10:35,1
67934bb44aa9,2020/2/5 2:54,2
67a70c2a79bb,2020/5/2 11:24,2
67bedac89f83,2020/2/16 5:38,2
67c0b0e45819,2020/7/12 6:36,3
67c19a94df67,2020/5/18 1:48,1
67d22ea72c3d,2020/5/21 15:48,2
67d549bf77b7,2020/11/5 19:24,3
67e224c1a7ae,2020/8/20 20:36,1
67ee8fd685fc,2020/3/20 18:16,3
681c0e4356db,2020/1/4 4:43,2
68368a6f523e,2020/3/13 18:38,1
68442877d853,2020/5/22 19:33,1
6.87E+153,2020/4/13 20:23,2
6873a067a90a,2020/10/8 3:54,3
6873a067a90a,2020/7/20 16:26,3
68a5bdf5ad45,2020/4/21 13:03,2
68a77927e1f3,2020/10/5 20:30,3
68af170826f9,2020/10/20 20:44,1
68dd22c2bc69,2020/1/16 2:28,2
68e677d52855,2020/2/16 11:53,3
68f8f10d12d5,2019/12/28 11:30,2
699ad621b4cb,2020/2/22 21:54,2
69b8ac5dcea5,2020/4/2 22:17,2
69c3124db7e3,2020/9/23 2:39,2
69c699401333,2020/5/15 2:13,2
69dd64649de2,2020/6/16 23:11,3
69e3574e8bf2,2020/6/17 11:00,2
69e3574e8bf2,2020/6/17 10:36,2
69e92e393312,2020/5/13 20:05,0
69e98df5b631,2020/3/28 14:38,2
69eab2320d10,2020/5/17 3:24,1
69ecd356c145,2020/7/4 4:47,3
69f147ebb968,2020/5/15 1:18,3
69f8f42c3814,2020/8/17 12:19,1
6a198901fb06,2020/6/17 0:54,2
6a29942b7dd4,2020/9/12 16:24,1
6a5d8234b60a,2020/5/19 23:00,2
6a6a724a3ab6,2020/5/17 2:40,2
6a8f06a4b1fc,2020/6/10 18:42,2
6a947b3da260,2020/10/2 9:26,3
6a9e574bef2e,2020/9/18 20:45,2
6b1bfe5fcf4b,2020/2/29 5:03,2
6b2e271f5c5a,2020/1/9 17:01,2
6b400de660e5,2020/1/8 10:29,2
6b71e87d5eaa,2020/7/17 4:11,1
6b73b9478ec6,2020/6/8 14:27,3
6b813266d059,2020/10/26 17:00,1
6b8ae49a063f,2020/8/11 23:06,2
6b980e5921b1,2020/8/18 15:34,1
6ba8189cf07f,2020/5/18 12:56,2
6ba8189cf07f,2020/7/29 17:24,2
6bb0cb98c7bf,2020/11/20 23:09,2
6bb5f05c1123,2020/4/2 1:02,2
6be78055478d,2020/9/3 21:39,2
6c0c98cb1455,2020/5/15 21:47,1
6c18d7433fc8,2020/1/3 20:03,2
6c1d04df4572,2020/4/21 15:47,2
6c38ed47a5d6,2020/7/7 13:50,2
6c666e6ef366,2020/5/8 10:26,1
6c8fa7f04960,2020/2/19 21:30,1
6c8fd5425212,2019/12/31 16:29,2
6ce3713b252f,2020/4/14 4:18,3
6cf8ed263d9b,2020/5/13 6:14,2
6d1b772cc5e3,2020/2/27 13:08,2
6d1e40c698fc,2020/3/22 6:27,3
6d422138723b,2020/5/5 8:12,1
6d4dd924f54a,2020/7/23 5:34,2
6d81c45cb15a,2020/6/8 3:50,2
6d943794e7c9,2020/7/5 8:03,2
6dc19d3318a5,2020/1/5 0:17,2
6dc65d727f85,2020/9/28 15:07,2
6dc65d727f85,2020/9/28 14:57,2
6dcabea2a451,2020/2/5 23:49,2
6ded7d4088da,2020/10/16 15:39,2
6e0114234f89,2020/2/5 23:12,2
6e0d73e15335,2020/3/7 18:03,2
6e0e1eb585dc,2020/1/15 13:42,2
6e0f1e31f870,2020/3/22 2:54,2
6e1a6f2751fb,2020/5/5 19:03,2
6e29e2bbc072,2020/5/17 14:03,2
6e3d9d77543e,2020/5/26 13:03,2
6e3d9d77543e,2020/6/9 15:17,2
6e5638a39bb3,2020/5/27 16:56,2
6e61dbd66f65,2020/1/14 5:55,2
6e62070e60f8,2020/5/9 23:05,2
6e6f2f35c18a,2020/6/26 9:54,1
6e711ca08666,2020/1/10 11:15,2
6e78526223df,2020/6/12 13:38,3
6e8c4e077c78,2019/12/31 12:51,2
6e8f6641a811,2020/2/9 12:27,3
6ebf1d787123,2020/7/22 16:14,1
6ecc987585bb,2020/5/19 14:49,2
6ed011db0006,2020/2/12 13:27,2
6eef3be702f1,2020/7/17 20:19,1
6ef66e3a484c,2020/11/12 1:35,1
6f1a9d64834f,2020/7/14 20:55,2
6f20d669e6f7,2020/9/24 1:44,3
6f2370a696f0,2020/6/27 6:33,2
6f65b9059393,2020/10/25 18:54,3
6f729b5b09f9,2020/3/22 12:44,1
6f82d6e875bf,2020/8/3 22:11,2
6f8975090ef5,2020/8/2 19:34,1
6f927d4aa008,2020/2/15 8:17,2
6fa3858fd48e,2020/6/22 13:58,2
6fa77399d5b8,2020/1/12 17:16,2
6fb832941623,2020/7/13 11:09,2
6fe0995e5301,2020/10/22 2:29,3
6ffa2c048167,2020/3/21 17:14,2
6ffa63d28d82,2020/7/21 17:44,2
6ffdfadb5944,2020/9/22 17:30,2
701d4f690a60,2020/8/12 10:46,2
7047d67b8b5d,2019/12/29 22:57,2
7062033a259c,2020/7/23 17:10,2
707cde548992,2020/8/21 22:25,3
708ca24019ec,2020/3/1 10:46,1
709df5817411,2020/7/17 17:43,2
710536c2138a,2020/1/30 9:43,2
7113fc1942df,2020/5/20 16:30,2
711fbc942b40,2020/1/6 22:15,1
712246cf3bfd,2020/8/28 10:44,3
71298027d9d8,2020/6/1 0:45,2
714fbc1c87ce,2020/3/7 19:45,1
7161dff37cf0,2020/9/18 23:24,2
7186f8e85b79,2020/11/9 5:33,1
7198389ec979,2020/1/18 11:39,2
7208edb14605,2020/11/11 2:32,3
721b92804a9a,2020/2/25 15:37,2
721b92804a9a,2020/4/28 12:02,2
7220cc6e2337,2020/5/6 5:57,2
7223d2d52516,2020/3/28 13:09,2
7223d2d52516,2020/3/30 16:54,2
7280b00f625d,2020/11/7 14:20,2
7285817064b2,2020/5/26 13:36,2
7285e02d62ee,2020/6/25 10:45,2
7297e8dea1a5,2020/10/20 20:13,3
729c73e040ff,2020/4/8 22:46,1
72b0223cc5fa,2020/5/14 18:36,3
72b779b21ab3,2020/11/5 20:19,2
72bc97e1b7ab,2020/3/6 13:29,2
72bc97e1b7ab,2020/3/24 4:39,2
72bcda8baaf1,2020/6/1 20:05,2
72cc7c652157,2020/3/16 13:19,2
72e37efd5a11,2020/8/1 13:57,2
72f80830851f,2020/2/6 10:11,1
7302d7b8ccd5,2020/1/15 1:24,2
732b52746630,2020/9/19 7:04,3
733a986d875e,2020/1/10 8:02,2
734b47a4ac63,2020/2/12 22:09,2
7353f6b82c4a,2020/1/30 3:22,2
73aaab7b2fdb,2020/3/23 16:20,1
73b05d30a882,2020/7/19 8:14,2
73c55b7177b0,2020/2/7 8:15,2
7415b4f85bfd,2020/3/20 23:30,1
742341c20fc2,2020/3/23 19:54,2
7424a5c1f48a,2020/9/29 2:03,2
743c1cb0beac,2020/1/12 14:20,2
744a0b245634,2020/5/19 18:49,2
744a0b245634,2020/5/1 1:24,2
7451027b0916,2020/7/2 7:44,1
7456e3e534bb,2020/5/19 8:54,1
748e35340599,2020/7/1 9:45,2
749f02eabf29,2020/4/27 18:35,2
749f2e147b8a,2020/9/22 3:51,2
74a44df14995,2020/8/2 7:46,2
74b31f7282f3,2020/4/18 22:12,1
74b31f7282f3,2020/5/30 20:21,1
74b7d39e2905,2020/4/24 7:40,3
74d3c75e8cb3,2020/2/20 21:38,2
74d84d53d06f,2020/10/4 7:19,2
74ff738015c3,2020/3/27 8:14,2
750c57222dd3,2020/9/2 9:09,2
750fdb145f61,2020/3/26 1:33,3
759e3942b4e6,2020/9/24 13:03,3
75a6f473a75d,2020/4/20 8:04,2
75bdabe251e7,2020/5/9 20:10,1
75cde422899e,2020/3/14 17:27,3
75cf7f680710,2020/7/12 6:27,2
75d1a1f0595d,2020/1/20 0:42,2
75eba0c7894f,2020/8/5 5:16,1
75ebfab8bc1d,2020/5/10 11:14,2
762f65d51dd3,2020/4/3 18:49,2
763c171980de,2020/8/5 12:14,2
7646e96fa529,2020/10/14 20:05,2
768b67dcdba8,2020/8/15 15:52,3
768bafe05732,2020/2/13 20:42,2
768be7154ea8,2020/11/15 15:00,2
768c2918761b,2020/8/7 14:07,2
76b17e4d1f97,2020/4/7 11:31,2
76e0d36ddb62,2020/11/4 1:58,3
76fcf62959c0,2020/2/3 14:45,1
77235f30bc37,2020/1/17 23:06,2
77297e25d264,2020/1/31 16:17,2
77382ee93995,2020/3/19 14:28,3
775f332fcce8,2020/8/28 19:57,2
77642bef6977,2020/8/30 4:47,1
7780a8436cbc,2020/11/23 3:05,1
7781e5903e1c,2020/1/31 18:50,2
77bd852b114c,2020/5/16 21:40,2
780075048ecd,2020/4/12 1:33,2
782700f37efd,2020/1/14 3:09,2
783240ed531c,2020/5/8 2:43,2
784163dd6620,2020/10/1 15:43,3
787ca86fa320,2020/9/4 8:11,2
7897dae3804e,2020/10/23 15:14,3
78a62e6e8b88,2020/4/12 13:54,2
78b00b8541f9,2020/5/30 17:29,2
78b00b8541f9,2020/2/28 8:30,2
78f23d4d4c55,2020/6/3 22:39,2
78f4d51aafb7,2020/7/12 17:43,1
79218c717710,2020/11/25 21:18,1
7939cba0068b,2020/1/23 10:52,1
793fbe178023,2020/10/5 15:27,0
7940da6e948b,2020/3/12 14:18,2
795d9f0d5df8,2020/9/16 21:17,3
7965437e625c,2020/1/29 4:41,1
796cf29eb69c,2020/6/16 6:18,3
796ee03d3df8,2020/4/23 16:27,2
79723db7a48a,2020/4/21 13:19,2
7985e766e595,2020/1/22 11:43,1
799f6dd43ceb,2020/2/1 2:09,3
79bc8e006cae,2020/6/15 2:39,2
79cc40575951,2020/7/30 12:21,1
7a1404b61acf,2020/2/3 6:17,2
7a2b0a4ae8e5,2020/10/14 22:17,1
7a512d148a1b,2020/1/26 17:59,2
7a5f4358c99f,2020/1/22 7:11,1
7a60f093f2b1,2020/6/11 5:25,2
7a855c6e6b57,2020/3/29 20:41,2
7a882ba83fa5,2020/10/7 21:47,2
7a8f8d1450f5,2020/3/13 5:14,2
7ac03cfb7c44,2020/1/14 1:11,2
7ac18236e690,2020/6/4 2:45,2
7ac257a8c2b4,2020/6/24 11:16,2
7ad25672986d,2020/6/18 16:44,2
7b417de15bb3,2020/4/14 12:14,2
7b641242ba61,2020/3/7 7:25,2
7b77e7b7a719,2020/11/13 18:07,2
7b85db099b39,2020/2/23 6:16,1
7b9ff4f084ae,2020/10/18 21:01,2
7bb7412e2761,2020/2/23 11:48,2
7bc11029f98a,2020/6/23 13:22,1
7bf42f230ae7,2020/1/26 9:14,1
7c1565f5d07b,2020/8/5 7:57,1
7c3656196f8a,2020/3/12 2:57,2
7c505ed3a5e4,2020/4/4 12:12,2
7c60b4bfecd8,2020/9/1 18:26,3
7c60b4bfecd8,2020/3/7 14:56,3
7c93da2eb29e,2020/8/31 5:22,1
7c992b2aee24,2020/11/20 2:45,2
7cd1f27c496f,2020/5/31 18:06,2
7cd1f27c496f,2020/6/1 3:52,2
7cef06ade29d,2020/10/24 13:28,1
7cf149d8d329,2020/10/19 1:06,2
7cf6ae1ef6d4,2020/10/2 6:24,2
7d0d262fe6b9,2020/10/7 6:42,1
7d0d41ea9db1,2020/7/27 16:21,2
7d40f6071999,2020/4/15 8:16,2
7d766b5d5a5e,2020/5/8 13:09,2
7d76cb023b76,2020/2/15 20:20,1
7d7740583df4,2020/8/13 4:32,2
7d7740583df4,2020/9/17 20:59,2
7d991ae01691,2020/2/22 15:39,2
7dd5569adde6,2020/6/18 2:14,1
7de89ae482ee,2020/1/15 15:56,3
7dfc76bf247e,2020/2/18 21:02,2
7dfc76bf247e,2020/2/18 21:05,2
7e073425c5b2,2020/4/19 1:53,2
7e1316399aaa,2020/1/11 8:44,2
7e16db41368e,2020/4/15 7:43,1
7e2571baa106,2020/6/22 6:45,2
7e32a65436f9,2020/11/25 10:28,2
7e4ce887a24c,2020/6/9 7:56,2
7eb8ed1aba78,2020/10/12 19:18,2
7ed00a8d9a6f,2020/8/9 4:32,2
7ed19cefdb0e,2020/8/30 7:10,1
7ed996614e56,2020/11/6 9:43,3
7edd6d5f1cc9,2020/3/15 13:50,2
7ef9ec2868d7,2020/3/31 18:13,1
7f02f7bf2486,2020/10/1 15:13,2
7f1956f57c29,2020/8/5 11:31,1
7f31dc61a356,2020/4/1 15:41,2
7f5c930ef3cb,2020/10/2 11:23,3
7f7f4fa80549,2020/10/31 23:00,2
7f88e5cbd186,2020/4/17 13:30,3
7fa173847971,2020/7/12 21:56,2
7fa867f2f8dc,2020/1/7 5:11,1
7fb4a3ecf11e,2020/2/5 23:18,1
7fce31e9d87a,2020/5/5 9:33,2
7ff77080a768,2020/10/9 2:44,2
8005b1cb6f7c,2020/5/9 14:48,2
80060fd54728,2020/8/7 6:18,2
8060d6b32ca2,2020/5/21 20:38,3
806713c7e868,2020/9/24 19:15,1
806c159cf543,2020/11/19 16:05,1
8071a43a8061,2020/10/8 6:37,2
809921b9139d,2020/11/13 17:37,3
80a21732501f,2020/6/28 8:29,2
80aef3eee10e,2020/6/3 19:54,2
80b3d82c9701,2020/3/4 12:52,2
80d1f986afbd,2020/11/13 19:42,3
80dc44dbc6dc,2020/1/2 19:59,1
80fda0ddd69e,2020/4/5 15:45,2
8111e11e1446,2020/7/6 5:32,1
81163fee3ce0,2020/8/15 17:59,3
811e0d2b819f,2020/10/12 12:21,2
81284f9ca53c,2020/5/27 23:45,2
812b02d6af77,2020/3/11 17:41,1
81418e96c490,2020/3/19 19:38,2
817fe46d4490,2020/10/25 1:10,1
81804a056aa8,2020/1/9 21:31,2
819e71844e6e,2020/1/1 19:03,2
81a428af0134,2020/7/28 9:45,1
81cfd0bb11ad,2020/10/20 12:21,2
81e3f7e3c435,2020/2/20 16:38,3
81f80403d5a1,2020/7/22 20:42,3
82182e175875,2020/6/9 23:37,2
824c51b2d7c9,2020/3/5 18:45,2
82a187bcfa02,2020/4/6 0:26,3
82ac6a0d78c4,2020/6/18 11:05,2
82ad81e506de,2020/5/16 10:53,2
82e3812b18fa,2020/4/15 1:10,1
82e4002aa733,2020/8/9 17:21,1
82f655800b2e,2020/3/29 12:19,2
832f594295a9,2020/10/22 13:28,2
836c7b3ced24,2020/9/12 18:37,2
836e051093fb,2020/11/6 21:19,2
838384a55350,2020/7/7 10:26,3
83b90c1e6b19,2020/9/14 10:57,2
83c837d873f9,2020/4/30 11:42,3
83cbe7754ffe,2020/3/24 18:39,2
83cf578dd067,2020/8/2 13:51,2
83e31b1a68b6,2020/9/9 9:12,1
83fdbaed47f9,2020/9/25 16:41,2
8407462f1b4a,2020/10/12 18:09,2
841ba7767162,2020/2/25 19:43,2
84650e27fd8d,2020/4/2 8:52,3
8481cb8d6bf2,2020/8/6 2:00,2
84b0ce7f2687,2020/2/11 8:33,2
84b10c0f8348,2020/2/4 15:05,3
84b3c139f652,2020/2/7 3:20,2
84b6408052f8,2020/8/17 0:48,1
84d663335674,2020/10/23 3:23,2
84db4a0f5448,2020/7/1 19:48,2
84db4a0f5448,2020/7/1 19:30,2
84f65453eefb,2020/11/5 11:41,2
8519c4cedd5e,2020/3/29 5:09,2
8525aca2a489,2020/10/1 12:19,3
852cde17b82d,2020/7/21 14:04,2
85622a48fb5d,2020/2/28 18:24,3
857a8ea22384,2020/4/7 20:27,2
85aa797ce6b7,2020/1/22 11:04,2
85c800f49e49,2020/5/22 11:57,2
85d739c4a5d4,2019/12/31 5:53,2
85f1d249abc4,2020/3/2 19:40,2
86106ece3288,2020/4/5 11:39,2
8618b6b04d23,2020/10/7 9:44,3
8.62601E+11,2020/11/9 21:48,2
8628a63a076d,2020/10/8 22:31,1
864def63430b,2020/6/13 19:50,1
8650f738782c,2020/7/23 0:50,2
8661b754b147,2020/9/16 19:09,2
86642c4428dd,2020/4/11 18:39,3
867924f47c4d,2020/3/29 19:03,2
867bb48cff90,2020/5/4 11:06,2
867c66323041,2020/9/18 22:17,2
869c0d1b64b1,2020/7/23 7:41,2
86bfac8af91d,2020/4/22 7:00,2
86d6e3cddbf2,2020/1/3 22:48,2
871dccfa1704,2020/10/5 18:33,2
871dccfa1704,2020/10/5 18:16,2
87277008b1ee,2020/9/2 8:42,2
8747306c84dd,2020/1/16 19:33,2
8750b7dc642b,2020/9/3 10:26,1
87be44b387eb,2020/4/5 8:39,1
87e294c66632,2020/1/31 21:53,2
87ebe9c42123,2020/9/25 6:07,2
8813312ec703,2020/4/20 7:55,1
8819b4ce074b,2020/2/27 15:58,2
882a37a25511,2020/7/27 19:12,1
883d46a00a16,2020/8/1 5:14,2
8840fd3820b0,2020/7/29 4:05,2
8863560fcffd,2020/3/18 12:53,2
886e1d0f1e31,2020/3/22 15:39,3
887f5d1f94cc,2020/5/28 3:55,1
8882d26776d8,2020/8/29 14:58,3
889e9c1e587a,2020/9/6 0:34,2
88b4cfad8909,2020/6/22 16:35,0
88b7768bd53b,2020/4/7 17:13,2
88bad6f8dbfc,2020/3/21 21:36,2
88c72224b04d,2020/4/30 9:45,1
88ce04754df5,2020/11/6 1:04,2
88d22cd4b7ad,2020/4/22 2:59,2
88d94a515e2a,2020/3/16 11:34,2
88dace82dc66,2020/8/7 15:50,2
88e173b6357a,2020/8/9 8:34,1
88efe34f791b,2020/6/22 10:05,0
895adeacef64,2020/3/14 10:35,3
8975d70cd5b9,2020/5/14 12:38,2
897d78b88a50,2020/9/26 10:47,2
8982e401c5cb,2020/5/11 13:11,2
89dab2fb0ba2,2020/5/7 14:27,2
89dd7edd16d8,2020/10/3 19:15,3
89ea0a6acdb2,2020/10/6 13:41,2
8a0fccc89d8e,2020/1/22 17:03,2
8a4d1e7ef8cf,2020/4/8 1:01,3
8a694a7bd9c6,2020/10/22 7:25,2
8a6d75b63c38,2020/7/12 12:25,3
8a802c5dbc57,2020/7/13 3:44,2
8a8cacacb89c,2020/10/11 10:52,3
8a90932fc98e,2020/7/24 15:15,0
8aaf78d9686c,2020/11/5 20:33,2
8ac54c5fa130,2020/6/28 21:13,2
8ac54c5fa130,2020/4/28 8:58,2
8adc509068bc,2020/8/9 18:45,2
8ae76d0c7f51,2020/8/5 13:27,3
8b1f8fe4654f,2020/7/30 13:03,1
8b64179a645b,2020/9/5 19:46,2
8ba887e39da6,2020/6/28 8:18,1
8bd9b2eba600,2020/3/3 1:40,1
8be2bc3cf18b,2020/6/15 16:39,2
8be4ddbed843,2020/5/24 19:36,2
8be4ddbed843,2020/1/10 14:11,2
8c354f387f1d,2020/5/10 6:52,1
8c418397ee12,2020/10/26 19:27,2
8c4e48edcfb8,2020/8/10 22:49,2
8c9092fbe935,2020/2/29 7:15,1
8cae501d6fca,2020/4/26 15:56,2
8cc6afdbeef0,2020/2/11 20:20,2
8cd1bc9abb4f,2020/4/26 17:21,2
8cd396d6207f,2020/3/27 16:38,2
8cea1ea8d19c,2020/9/18 5:51,2
8ced48eb7eec,2020/9/29 12:17,2
8cf4f3d1f0c3,2020/8/29 20:32,1
8cfb6426cba3,2020/7/15 17:41,3
8d00753247d3,2020/4/19 9:36,2
8d8083a3af3f,2020/6/16 15:58,3
8d8b104bbc30,2020/6/26 17:16,1
8dadf974a16d,2020/1/27 23:20,2
8db40d60b49c,2020/11/19 10:41,2
8dcb905bd0e2,2020/6/22 23:25,2
8e2c2f4eb095,2020/2/15 23:07,3
8e2d873ea43c,2020/4/25 4:57,2
8e38e2a5fc5f,2020/3/12 16:36,1
8e4614534153,2020/10/6 11:02,1
8e638d4f6517,2020/9/5 21:10,1
8e638d4f6517,2020/8/9 9:10,1
8e64358cec2c,2020/6/12 3:52,2
8e905c100e7a,2020/10/4 21:14,1
8ea425320f83,2020/3/15 20:37,2
8eae59dd4f79,2020/3/11 18:27,1
8ed903e2650d,2020/4/16 5:03,2
8eea35d8bf5d,2020/9/14 17:05,1
8f00d11076e1,2020/8/27 9:44,1
8f0f0dab91a1,2020/10/28 11:24,3
8f2ca6ec7d3c,2020/9/2 4:52,2
8f2e00222825,2020/6/6 17:57,2
8f3662b709b8,2020/5/15 16:38,2
8f4867cd91a6,2020/9/13 19:05,3
8f62ce4826aa,2020/6/19 16:26,2
8fb8d81adf25,2020/4/9 7:18,1
8fbc5d34c412,2020/7/26 21:15,2
8fc2436f81a0,2020/6/17 15:44,1
8fc3518a0284,2020/9/12 18:20,2
8fce335b0aea,2020/8/16 22:49,2
8fd678593986,2020/10/24 22:48,2
8ffddec8cec5,2020/4/23 22:28,1
900b322997be,2020/11/18 11:00,0
900c4f6c2fcc,2020/4/17 1:42,2
902afabcb703,2020/7/31 21:33,2
902ec5aa781a,2020/4/29 4:15,1
9043a652c90b,2020/3/13 22:42,2
908c7afc7d9a,2020/6/25 4:34,2
90b3dafa5f65,2020/7/19 5:39,2
90cb03d70fbe,2020/5/2 12:44,1
9106c0745107,2020/6/17 18:21,0
91190c4bda58,2020/4/10 17:45,2
911e8b9846fa,2020/3/2 4:34,2
912a10c179fa,2020/11/25 3:35,3
914deac28dd1,2020/1/29 15:13,2
916ee0d8fa5c,2020/10/20 3:24,2
916ee0d8fa5c,2020/2/28 20:27,2
918e8ae49d98,2020/2/1 21:40,1
919f80f4bef9,2020/7/23 16:12,2
91e97380a539,2020/11/23 6:09,3
91f7aa92e0ee,2020/2/20 3:11,2
921a2776a57a,2020/4/12 15:11,1
922ae9c9ac67,2020/11/11 20:30,1
922f4f64b01a,2020/2/23 22:47,2
92506d3521c6,2020/8/12 3:13,1
92975a251669,2020/3/28 23:18,2
929f5cb476ed,2020/1/14 5:42,3
92a76e45fa1e,2020/9/24 6:12,2
92b126ee3b21,2020/10/6 0:40,3
92b126ee3b21,2020/6/15 14:23,3
92db6a71027d,2020/11/13 14:36,1
92e90315e151,2020/4/4 19:08,2
92e9430d9135,2020/1/17 13:38,2
92f479be41a6,2020/3/12 22:24,3
933101d99276,2020/2/19 12:19,2
9344b2b3ddec,2020/1/5 12:13,1
934ee7a8c2ce,2020/2/7 18:42,2
93688ff1d485,2020/4/16 18:53,3
936d9e1c9730,2020/8/1 6:51,2
937c4b4c9e3f,2020/2/22 21:04,2
938f0107c1f1,2020/4/5 4:14,2
939d39f1e25a,2020/4/10 20:18,2
93a51d62e454,2020/7/30 14:52,0
93a51d62e454,2020/8/20 21:21,0
93ccb9b08b68,2020/2/6 16:06,3
93d9e49f74f4,2020/5/1 3:52,1
93dde8bc0d34,2020/8/17 23:05,2
93e83c3c344e,2020/10/26 21:06,1
940e1f79c5a5,2020/1/1 1:54,3
941641c8cfc7,2020/5/22 3:00,2
9418a5cfc6ec,2020/1/11 4:24,2
9444c951e54d,2020/11/14 15:17,2
94663c71b21c,2020/1/24 20:38,2
9467d7530eed,2020/5/31 1:53,1
94702848dfc2,2020/5/25 14:45,2
948be25441e4,2020/6/6 6:56,3
9498953d3527,2020/8/5 1:18,2
94a02e2af5e2,2020/11/20 4:15,2
94a02e2af5e2,2020/10/22 20:30,2
94b740504b9c,2020/5/23 7:11,2
94bde2b8e699,2020/7/27 13:48,1
94c221f2342d,2020/6/19 5:51,2
94d21ea36611,2020/4/21 13:48,2
94da7a59bbe6,2020/11/4 15:51,2
94ddea769173,2020/2/6 23:24,2
955694aebf7d,2020/5/19 13:39,2
956b0a3a7c2b,2020/7/5 20:17,2
9582b41f4361,2020/2/28 4:23,2
9582fe5ebde1,2020/6/13 11:01,3
95c34ac73cca,2020/7/28 21:41,2
95f8f9320e6d,2020/11/14 13:23,3
96158c91c6a8,2020/8/1 15:04,2
96204cc494a4,2020/3/12 16:16,2
9633c7d36132,2020/5/13 15:57,3
9633d7c23d21,2020/7/8 7:39,2
964b0c71ecd7,2020/8/20 16:53,2
964c5e56e159,2020/11/19 5:44,3
964ff19b346b,2020/1/18 9:11,3
9653a816751a,2020/4/3 4:22,1
96733074909f,2020/10/28 23:56,2
96777d3f000f,2020/4/17 16:40,1
968fff5677e7,2020/3/19 16:41,1
96c11e43f573,2020/10/13 5:41,1
96e349e1f98c,2020/1/31 12:55,1
96fbf1bdcb6b,2020/7/11 18:24,2
97024f385b14,2020/2/14 10:46,2
9704e3b75868,2020/6/8 7:53,2
97218b7f09fb,2020/5/9 17:12,2
97229ef2b741,2020/4/7 21:41,2
97266785c841,2020/3/29 12:11,2
972ab51f6693,2020/10/27 12:23,2
973af021777a,2020/8/15 18:19,1
97409ce51f56,2020/8/2 7:14,2
9742e46bbfad,2020/11/7 22:41,2
9771d4255612,2020/3/17 6:41,2
979991b28fd5,2020/9/5 18:48,2
979dfa1e51e1,2020/5/14 4:11,2
97b6acaddb31,2020/6/17 9:14,2
97b8b95e8e52,2020/5/13 10:31,2
97e0b06b3d3b,2020/4/7 9:21,0
97e5e8847bf4,2020/1/19 10:41,1
97e897e3d304,2019/12/29 19:12,1
9801f91ad525,2020/8/19 18:48,1
98029d6c8d83,2020/8/21 20:13,1
981ab3ab4950,2020/6/23 10:39,2
981b23bde4b6,2020/5/17 6:10,1
981b23bde4b6,2020/5/2 2:44,1
9836db4d0d00,2020/11/23 21:26,3
9839d18bdeb6,2020/4/16 18:41,2
984275bf9107,2020/9/13 12:16,3
986f07869c4e,2020/3/22 7:18,3
98a237d47734,2020/7/7 20:53,2
98c8681e736a,2020/9/15 17:06,2
98e85c03953d,2020/9/26 1:16,2
98e85c03953d,2020/9/26 1:19,2
98f258848ed0,2020/9/10 10:21,3
9915f6f380db,2020/9/17 20:11,2
9916ef8fecaa,2020/10/8 6:25,3
991d06933b38,2020/3/3 20:42,3
9953afd1a228,2020/10/26 13:45,2
998621a93021,2020/3/28 5:58,2
9988b0cd1880,2020/4/20 7:21,2
99a54b49915d,2020/1/10 5:41,1
99b4bc619f8e,2020/5/20 20:46,1
99b6f5fa504b,2020/5/2 14:25,2
99ca58d2cb84,2020/1/24 7:38,3
99d3231c93c4,2020/2/5 5:44,2
9a0dc9ad559b,2020/8/12 23:14,1
9a28e53601d8,2020/2/28 22:28,3
9a464e4cc9df,2020/8/5 18:41,2
9a6f92aef703,2020/1/3 21:19,2
9a9388ac8ff0,2020/3/1 10:21,2
9ad92069d417,2020/6/20 12:12,1
9aeb89ca9d77,2020/7/21 5:16,1
9aefb13b0dc6,2020/4/23 10:56,3
9afcf27846cc,2020/1/19 1:46,2
9b015f8cb8ee,2020/5/20 3:20,2
9b0827831053,2020/1/22 14:14,2
9b0f7266eb01,2020/3/19 16:13,3
9b21b78b0a0c,2020/6/14 23:04,1
9b2522adaefb,2020/1/20 20:30,2
9b336efa13a7,2020/1/18 13:11,2
9b710d62d08f,2020/10/27 11:09,2
9b73f999fab3,2020/2/9 16:06,2
9b8f72b72004,2020/9/3 13:47,3
9bbca5cb8936,2020/9/30 2:40,2
9bc6312a98de,2020/9/2 12:37,0
9bdc39fdf422,2020/3/6 16:39,2
9be96b4e2a37,2020/1/20 6:41,2
9bf231139b99,2020/6/26 22:41,2
9bfc50d7f53e,2020/4/5 16:10,1
9c2a383fa649,2020/1/24 13:55,2
9c37c23a2f1d,2020/2/26 1:12,2
9c44a2e044f8,2020/5/12 19:08,3
9c4cfe9bee45,2020/5/13 1:33,2
9c5d285ade71,2020/1/17 0:22,1
9c5d4394e4d0,2020/6/26 1:14,3
9c7917053f8a,2020/8/13 15:00,2
9c7917053f8a,2020/7/24 19:44,2
9cb0d63e7e30,2020/2/7 20:42,3
9cd95536f12c,2020/4/2 22:43,2
9cfbb760f2a9,2020/2/21 8:23,2
9cfcbe601e8c,2020/2/5 21:01,3
9d291bb83449,2020/3/11 9:12,1
9d29bb1d67c2,2020/5/29 18:56,2
9d2ba4535e06,2020/3/3 12:07,2
9d6dd9690046,2020/6/9 16:49,3
9da5bda8ee9b,2020/9/18 13:39,3
9ddad664d900,2020/1/11 0:25,2
9de15c4ef292,2020/6/25 0:16,2
9de15c4ef292,2020/6/24 23:50,2
9df2d15a547c,2020/7/22 14:00,2
9df765382d1e,2020/11/21 18:02,3
9e03bf12543a,2020/4/7 23:33,2
9e0fd15fa708,2020/3/3 7:57,2
9e3307142a62,2020/2/26 15:07,1
9e4b16b04664,2020/1/12 10:10,0
9e7ffacadf5a,2020/9/26 7:08,3
9e9b515f353a,2020/9/10 18:19,2
9ea8aed7d4f7,2020/10/16 17:53,1
9eb1e19066b1,2020/7/2 6:18,2
9ebb297ed9fc,2020/6/14 10:28,2
9f3e89e0f807,2020/7/9 15:20,2
9f4c2c18e9e4,2020/5/18 23:09,2
9f50bf584b09,2020/11/17 15:23,3
9f56272e63f3,2020/4/26 2:39,2
9f5d0e6f228e,2020/9/19 21:18,2
9f741b38cfc6,2020/2/5 1:08,2
9f959fd56a36,2020/5/16 19:38,3
9fa3984c4374,2020/1/10 23:00,2
9faecafb7c8f,2020/5/6 19:54,1
9fd43eeabc01,2020/1/8 6:09,2
9fecd28b4424,2020/5/2 0:09,2
9fef7a46eeb8,2020/4/16 13:26,2
9ff445794a75,2020/9/18 11:41,1
a01fc70c7648,2020/7/10 13:41,3
a02c9e16bfff,2020/11/25 19:37,1
a034ff24a30b,2020/2/16 20:53,1
a03f36b52c23,2020/6/28 14:18,1
a0484f96c746,2020/7/28 11:11,2
a06f07151d03,2020/3/4 12:30,2
a0716d710173,2020/5/3 22:15,3
a07565f55ad0,2020/7/13 17:13,1
a0839078d3ec,2020/3/8 22:55,2
a0859d558aaa,2020/6/23 14:11,1
a0912f4f7c1a,2020/5/14 13:46,2
a0e1bdc854e2,2020/7/18 1:34,1
a1416998052c,2020/6/1 13:08,1
a1424519b4e7,2020/5/3 6:54,1
a14aa05cb8d9,2020/7/19 2:04,2
a17788cb80af,2020/2/7 1:59,3
a17f7176276c,2020/5/27 22:20,2
a18316ef7ffb,2020/10/31 7:50,2
a19869ea2872,2020/2/13 16:32,2
a1a29c984172,2020/1/26 7:24,3
a1add286afa5,2020/8/14 11:19,1
a1ae26d24f4d,2020/4/20 5:31,2
a1cbd32a8301,2020/3/6 5:54,2
a1e6b56a1716,2020/9/15 17:15,2
a2023f91bc73,2020/5/16 19:49,2
a2023f91bc73,2020/5/16 8:53,2
a21ab322b163,2020/1/20 7:18,2
a23476998411,2020/7/31 14:08,1
a24fda9aa702,2020/9/4 15:37,1
a267f55f52ce,2020/4/9 20:14,3
a26c43bb0d4b,2020/5/6 7:23,2
a292965a8f8a,2020/10/12 22:09,2
a2bd203d3cc0,2020/4/8 20:12,1
a2c0d813093b,2020/7/1 17:08,2
a2d26b6395fc,2020/3/17 22:46,2
a2db4f478938,2020/9/22 19:46,1
a2e1999467d3,2020/11/10 22:19,2
a31a69308594,2020/11/23 1:00,2
a31b33b51999,2020/3/4 10:36,3
a321422b9cb2,2020/7/19 16:16,1
a33dc706f2e2,2020/4/9 23:18,1
a3467cbac260,2020/4/21 11:54,1
a360be64838e,2020/6/26 2:04,2
a3673bf70d74,2020/7/28 4:27,1
a371dbf652c9,2020/7/8 8:52,2
a3778471f781,2020/7/31 23:18,2
a3918429a1d9,2020/1/29 13:39,3
a3a065540136,2020/10/19 19:36,1
a3a13a8bd136,2020/10/20 7:47,1
a3a53e83acb3,2020/7/14 19:47,1
a3adf8fb67e4,2020/2/19 21:48,2
a3c0872b8dab,2020/11/24 6:31,2
a3e5fc2575bd,2020/8/4 1:02,3
a4096bc55b0c,2020/9/28 11:37,2
a41efa986d26,2020/1/2 12:00,2
a433a258fd47,2020/11/9 10:52,2
a4503e17f9be,2020/10/11 9:11,1
a4589015f8fd,2020/2/13 20:07,2
a479caafe286,2020/4/24 17:53,2
a4969a327d47,2020/3/8 18:56,1
a49f03aa6bd9,2020/7/13 9:45,2
a49f03aa6bd9,2020/2/5 14:47,2
a49f03aa6bd9,2020/2/27 0:18,2
a4a31864ad16,2020/4/9 13:26,2
a4abac6a9ae1,2020/9/16 5:46,1
a4b04b637b68,2020/4/24 22:06,2
a4c812f2cd9e,2020/8/3 7:23,2
a4cbf24610c1,2020/3/30 5:45,3
a4d2bdfd1fcf,2020/7/7 18:47,3
a4dea21a6383,2020/4/27 16:20,2
a4ef687b25e0,2020/3/4 14:07,3
a4f90ed19e86,2020/9/14 22:23,1
a4fce7472e5a,2020/9/6 21:23,2
a51d08f35abe,2020/2/5 11:11,1
a54d15270e45,2020/5/26 19:29,3
a57c2ad141b0,2020/4/19 6:22,2
a591e5dbc2b4,2020/4/14 16:49,2
a5b27f1e7107,2020/4/9 5:41,2
a5f47077e761,2020/2/22 9:43,2
a5f754c9f3ba,2020/3/5 19:31,2
a608ce0fe742,2020/9/26 21:53,3
a60f76adb7d4,2020/6/13 13:41,3
a6109e909765,2020/5/28 19:32,1
a63910a2c198,2020/2/27 8:52,2
a63910a2c198,2020/2/27 9:05,2
a64caa8535a7,2020/5/7 22:29,2
a65b143fbd50,2020/6/2 1:46,1
a6966ac00433,2020/6/2 9:43,2
a6ad836ed849,2020/1/16 22:43,2
a6b9645de126,2020/2/13 22:01,2
a6ba02ea1091,2020/4/17 19:18,2
a6c3f4bae415,2020/6/12 14:13,1
a6c42c7264a2,2020/11/18 21:17,3
a6c68455e66c,2020/6/9 21:01,3
a6f459c8bea0,2020/3/28 17:35,2
a6f583144ebb,2020/10/27 15:15,3
a71773f207a9,2020/9/8 3:01,1
a71da7ceedf6,2020/6/25 16:02,3
a729bcf5f682,2020/1/22 10:58,1
a76208d346d4,2020/6/9 16:23,3
a76fde7ad583,2020/7/4 16:53,1
a7a6e6f18911,2020/1/14 11:40,2
a7ac002129b8,2020/5/6 5:42,1
a7b39201b393,2020/5/11 0:03,2
a7b745c212d7,2020/7/5 3:09,2
a7e81949ba0c,2020/5/18 5:54,2
a7e981af4a95,2020/1/6 17:40,1
a81e703e9a01,2020/7/29 13:28,3
a82bf95eb654,2020/4/11 4:19,3
a84e399f1cef,2020/8/3 5:42,1
a85c316ead52,2020/1/6 15:16,2
a87e63b78bae,2020/9/26 12:03,1
a88e8d342110,2020/4/9 21:08,2
a8a82e19009d,2020/6/25 15:52,3
a8c7b1d249a6,2020/1/28 21:51,2
a8db8ad1e96d,2020/1/3 11:41,2
a8fe9c24a462,2020/1/31 15:19,2
a91c6a68498c,2020/7/14 11:57,2
a9261425de8c,2020/2/18 18:53,2
a9298723fb79,2020/5/21 13:12,2
a94214cdf0b8,2020/3/12 21:23,3
a9a04652824d,2020/5/22 1:17,2
a9a04652824d,2020/5/22 1:23,2
a9b627c124d1,2020/7/7 5:33,1
a9b627c124d1,2020/7/11 4:23,1
a9d7b466f570,2020/6/27 22:17,1
a9e0770e6718,2020/6/15 17:20,2
aa22167b9923,2020/8/3 7:41,2
aa875003f0bc,2020/7/9 11:50,3
aaa51d4e6dc1,2020/6/14 23:00,2
aaa8c1864654,2020/3/11 14:14,1
aab8f9b5f5b4,2020/4/1 16:35,2
aaebd9a2052d,2020/5/27 7:21,3
aafedc51bf3e,2020/5/14 13:57,2
ab2d8a2cc63a,2020/9/29 21:02,2
ab2d8a2cc63a,2020/9/29 21:09,2
ab33b272c7cd,2020/9/21 1:04,2
ab460804f635,2020/4/2 5:03,2
ab4ff14789e5,2020/7/25 17:49,2
ab76f60856bf,2020/8/20 15:52,2
ab7dc4090480,2020/8/21 11:18,2
abe3ef12ecbe,2020/5/9 14:20,2
abea6467062e,2020/6/29 11:27,2
abead667a15e,2020/10/10 16:17,1
abf2edfd39de,2020/1/8 12:32,2
abffd7141284,2020/8/11 19:15,3
ac05138fd6ef,2020/8/18 15:27,3
ac26a8af36bd,2020/2/12 3:41,2
ac34e1c4aec6,2020/3/24 20:11,1
ac39b1dfc6bc,2020/9/16 7:09,3
ac76e8858ea7,2020/3/21 1:36,2
acc87caef722,2020/3/21 12:38,3
acd079125968,2020/7/8 9:23,1
aceb1dfd5774,2020/2/2 13:45,1
ad3f7523b9b2,2020/11/7 17:56,3
ad55ccf6e075,2020/11/13 17:55,2
ad781f580038,2020/9/1 2:55,2
ad91e30fbb72,2020/7/1 6:31,2
ad953ae881aa,2020/4/18 23:36,2
ada9d0992b1a,2020/4/25 15:14,2
ada9fc9d32d9,2020/6/16 6:41,2
adaf3f4b26fd,2020/8/30 5:37,2
adb4dc712f09,2020/8/29 6:08,3
adc4400ae72a,2020/1/20 1:44,1
adc59f0b5be5,2020/3/28 20:12,2
adc59f0b5be5,2020/3/28 19:49,2
adef7227af2e,2020/10/21 15:36,2
adf189c1ade4,2020/1/30 1:12,2
adf6f7818362,2020/10/25 5:52,2
ae13b677726e,2020/6/25 12:12,1
ae246a9a6cf0,2020/9/5 21:45,2
ae2d90445cf8,2020/4/8 18:28,2
ae3f1c71fec8,2020/1/9 18:23,2
ae46530efa51,2020/9/7 3:38,3
ae5b97c6701d,2020/2/1 22:12,2
aee0d5f2f896,2020/8/22 15:36,1
aee35ea25b1c,2020/1/1 13:18,2
aeef50c08b9a,2020/5/19 4:15,2
aef875666bd8,2020/10/8 17:34,2
af2e3bbf41eb,2020/4/22 2:03,2
af347f140ee5,2020/1/2 21:21,1
af44a057a33b,2020/11/14 11:31,1
af468f4bedc6,2020/1/2 1:23,2
af56087ebf42,2020/5/16 20:02,2
af62ee84c85f,2020/7/3 12:22,2
af648bdc7dca,2020/7/23 19:08,3
af8b1552b120,2020/5/30 7:18,2
afa29854e95c,2020/4/10 6:15,1
afd6ce2b2968,2020/3/6 12:39,1
afd9133c65dd,2020/7/23 14:11,3
afdbdf73b262,2020/2/20 21:41,3
b009db9c9be9,2020/5/11 0:48,3
b00dfd8f0a18,2020/4/9 15:46,2
b030eaf56a77,2020/9/4 8:28,1
b03245ecd469,2020/9/20 14:57,2
b03db96d5cf1,2020/8/27 6:39,2
b05d145f946c,2020/5/6 14:01,3
b06ad4d85d4d,2020/8/18 22:03,3
b0e788e70c88,2020/5/18 11:21,3
b0f6bf5b092f,2020/4/21 12:08,0
b10291eade14,2020/3/8 10:26,1
b10291eade14,2020/3/8 12:07,1
b1097dad0679,2020/9/7 21:38,2
b10ab243ec75,2020/9/20 2:39,2
b111e8f31d4e,2020/1/12 12:43,1
b1139885bb78,2020/4/24 16:50,2
b1185098a9ab,2020/1/8 18:37,2
b13885faf01c,2020/2/1 10:09,2
b165f829ca30,2020/3/16 9:53,2
b182964bf2a1,2020/8/22 5:41,3
b18d4bd3ede1,2020/10/4 18:56,2
b1961a3f9d27,2020/9/9 2:02,1
b1ae8972ac69,2020/10/31 2:32,1
b1af66c799b3,2020/1/15 0:32,2
b1ea1448d41f,2020/3/27 11:11,1
b21f069f7b9c,2020/5/22 4:59,2
b2245344b015,2020/4/18 8:41,1
b2529bc311e4,2020/6/7 2:14,2
b26f75f0f232,2020/2/26 8:25,2
b27e7ec0abb3,2020/7/4 10:15,2
b293447f9cd4,2020/4/25 21:25,0
b2bdec29c8ce,2020/1/14 12:26,0
b2c03f762f4e,2020/10/20 10:40,3
b2d4ac7b726d,2020/4/7 9:15,1
b2dd2c8f1a57,2020/7/2 14:32,2
b2fbd201c061,2020/10/7 18:05,2
b30c7db41544,2020/10/6 23:07,3
b30f37eaf646,2020/9/7 6:35,3
b320a27ab713,2020/11/10 4:01,2
b363e2843efd,2020/4/20 12:56,2
b3a906002689,2020/5/3 10:42,3
b3ad2cb0a47d,2020/8/10 15:57,2
b40ac405b465,2020/4/28 13:11,2
b40fb6745ddd,2020/7/11 18:59,1
b41649708369,2020/10/29 9:05,1
b42177167883,2020/4/8 16:13,2
b43351c7e091,2020/2/11 9:33,2
b44191c2ab09,2020/6/6 9:45,2
b443013a9736,2020/6/23 15:50,3
b448ffbc3609,2020/11/15 3:43,2
b4b1f3885ce7,2020/10/22 11:23,1
b4b9b0fa733a,2020/8/2 19:08,2
b4b9ea9a1191,2020/6/19 14:09,2
b4b9ea9a1191,2020/5/19 16:16,2
b4c04c3f47cb,2020/10/6 5:02,1
b4cc45f86d7e,2020/1/8 11:10,3
b4e7b6fece0f,2020/11/14 11:59,1
b50903baecdc,2020/4/9 11:21,2
b50b74022b71,2020/7/28 1:22,2
b54cbc1bcde1,2020/10/5 18:05,2
b5534fa8f7d9,2020/7/4 13:26,2
b56152661903,2020/1/22 16:02,2
b561b8c2a3f0,2020/6/18 6:16,1
b56e81bee55d,2020/5/5 8:00,2
b588e31c33f1,2020/6/30 2:43,1
b595cb0c9e85,2020/10/9 22:20,3
b59f5becbed8,2020/2/28 19:54,2
b5ad746a2af5,2020/5/23 14:55,2
b5c2bead7c58,2020/10/27 17:23,2
b600aa03c881,2020/3/20 16:09,2
b6143580d332,2020/10/30 14:13,1
b64f4cefbbc6,2020/11/23 3:03,1
b67e55883e51,2020/3/5 10:56,2
b69ed7e95758,2020/4/10 4:26,2
b6a0cfeb2d8e,2020/10/13 19:21,2
b6a5d3448c40,2020/4/3 17:12,2
b6be0d0dc967,2020/6/24 6:55,3
b6c552b3c830,2020/1/10 15:22,1
b6d5406e1e81,2020/2/16 22:09,2
b6da47194028,2020/5/24 13:49,2
b6dc9e8a11b7,2020/4/18 5:14,1
b70bc9961241,2020/8/2 14:39,2
b713be4059ce,2020/3/4 20:25,2
b760cda38bf2,2020/11/20 20:14,0
b773b6177fe0,2020/10/20 12:53,2
b78e8140e816,2020/1/10 19:16,2
b7916fb20133,2020/1/22 21:42,2
b7c78eb189e5,2020/9/9 18:49,2
b7ddbc2ac935,2020/9/24 2:49,2
b7ed105ba92c,2020/10/24 11:20,2
b8279eb23dc1,2020/9/29 10:47,3
b83623a7d7e3,2020/8/1 3:12,2
b86d63d6eb07,2020/2/21 11:36,2
b88ef754ccd1,2020/3/15 20:45,1
b898d34a99c2,2020/1/13 0:30,2
b8aba5fef872,2020/1/31 2:47,1
b8e1f1ee9593,2020/11/16 17:28,2
b8f38d67b6cf,2020/3/19 0:11,2
b90f0edeb9dc,2020/1/5 22:18,1
b9279c04f981,2020/5/22 13:11,3
b92952de929b,2020/7/19 5:47,1
b955bfcb6dae,2020/3/2 22:05,2
b95ff79d5c79,2020/9/16 1:32,1
b95ff79d5c79,2020/10/18 21:14,1
b97220cbfd9f,2020/3/25 13:38,2
b98c6f95261a,2020/9/18 21:26,2
b997ad488ccf,2020/7/17 6:54,2
b9ab4689c1c2,2020/2/7 12:56,3
b9e538962081,2020/5/17 9:55,2
b9f005714f4e,2020/7/17 5:00,2
b9f5e4e72fd9,2020/2/20 2:07,2
b9fc5203a3af,2020/2/24 23:20,3
b9fd3f52f143,2020/8/19 8:54,2
ba3624761fba,2020/4/23 9:34,3
ba393d79a1c3,2020/10/6 19:35,1
ba5703c2fff5,2020/7/31 12:00,2
ba5929c1ac7c,2020/3/7 3:18,1
ba5d1256ae65,2020/10/7 11:00,2
ba76fe994582,2020/7/8 21:54,1
ba79dde8c089,2020/7/14 12:08,2
ba79dde8c089,2020/7/18 6:23,2
ba857012113e,2020/1/31 11:47,2
ba90c5ce95f1,2020/5/24 19:30,1
ba9b9237012c,2020/10/3 16:48,0
baa36fc869f3,2020/10/13 21:58,1
baa64ff39e92,2020/7/1 6:36,2
bac32592f814,2020/5/1 15:24,1
bacc6fa157b2,2020/6/9 13:23,2
bad3598efc70,2020/9/7 9:29,1
bad3598efc70,2020/8/25 9:11,1
baea208c878f,2020/4/15 4:10,2
bb05b35597ca,2020/3/7 14:16,2
bb0a13480ffa,2020/6/4 20:15,2
bb439a63e47c,2020/5/8 8:19,1
bb456936e120,2020/9/24 18:35,3
bb5d30b285f2,2020/4/17 1:56,2
bb65e0497466,2020/1/28 2:10,1
bb6d5e60abf6,2020/10/4 4:31,0
bb70cd08e190,2020/4/26 8:38,3
bb73d13b975f,2020/9/21 7:46,2
bb86d3f683f2,2020/9/26 10:59,1
bb899d4ac4e8,2020/1/9 8:57,2
bbd2e9e4e057,2020/3/18 22:22,2
bbf11f58edbf,2020/10/31 13:23,1
bc10ac06cc6f,2020/11/5 17:42,2
bc206e374503,2020/10/8 21:38,2
bc2b17c5203e,2020/2/18 21:01,2
bc4dd548b31d,2020/4/19 7:35,2
bc58ae73fd46,2020/5/29 3:15,3
bc5c39aa7677,2020/2/20 10:49,2
bc81db7fab8d,2020/3/29 3:04,2
bcc0649b2b4e,2020/5/22 14:04,1
bce263de6683,2020/4/19 5:43,1
bcfedf220930,2020/2/16 11:20,2
bd03138bdcd7,2020/10/29 2:55,3
bd0ac3881939,2020/7/7 17:54,2
bd2ce89dfdae,2020/2/11 14:21,1
bd2e3baf8666,2020/11/4 19:52,2
bd3fc9b10191,2020/5/22 17:05,1
bd420e40b81c,2020/5/26 5:51,2
bd5e311b4302,2020/7/11 22:58,2
bd68dcbfb5e7,2020/2/29 19:27,1
bd7f807b5665,2020/10/17 6:06,2
bda84f508ed3,2020/11/6 6:52,2
bdd57d4beaa2,2020/11/24 11:57,2
bdd8277cf00c,2020/10/24 21:02,2
bddd10b00940,2020/10/13 17:09,1
bde19e3b4008,2020/4/14 12:53,2
bde1bbb3f34d,2020/9/4 13:50,1
bdef1266ede7,2020/7/24 8:57,3
bdff4030e530,2020/4/29 16:38,2
be1e8bbbef91,2020/9/17 14:59,3
be20e32bb069,2020/8/20 19:39,1
be23a0a48c58,2020/6/22 11:13,1
be40f30fe9c6,2020/1/22 17:23,3
be41bef59f88,2020/8/10 12:49,2
be778ca9fc59,2020/6/10 2:57,2
beac24834423,2020/11/24 19:19,3
beb0ca9f31a7,2020/10/16 1:46,2
befbd4534861,2020/5/27 2:34,1
bf12a4eade81,2020/1/20 14:37,2
bf133f00136a,2020/3/22 13:45,1
bf302639a2ea,2020/5/30 13:46,2
bf5e4604e44f,2020/6/10 14:22,2
bf8102fdcd65,2020/7/21 18:14,2
bf9368ff7560,2020/1/17 19:38,2
bf9e52817949,2020/7/18 2:35,2
bfa2ddff0ad5,2020/5/24 9:32,2
bfbaacd7a9c0,2020/3/2 14:08,2
bff14b43a1af,2020/9/11 0:29,2
bff14b43a1af,2020/9/11 0:19,2
bfff99f0f2bf,2020/3/11 18:41,2
bfff99f0f2bf,2020/3/24 15:36,2
c000dd97b170,2020/11/8 7:20,2
c01cbc40ae02,2020/8/2 22:39,2
c03290b2c51e,2020/6/28 3:05,2
c0768fae448b,2020/1/3 5:58,2
c0892cb5dd6f,2020/11/22 8:09,2
c09303ba121d,2020/5/30 1:08,2
c09303ba121d,2020/3/20 11:42,2
c0b09f9e3f79,2020/3/17 17:31,2
c0e239134a45,2020/3/4 4:38,2
c0f14c552046,2020/5/24 7:47,2
c0fb6369d378,2020/1/20 17:33,1
c0fee59a08a6,2020/4/7 23:39,2
c1324299e5b7,2020/11/11 13:59,1
c14f63488e81,2020/3/1 23:49,2
c16ecdc23f55,2020/9/8 18:13,2
c171027e7a0e,2020/5/18 9:16,2
c1847714220f,2020/1/31 21:13,1
c1932af8f3ed,2020/9/24 22:18,3
c19afc230341,2020/5/23 21:55,1
c1c729db5c94,2020/9/24 10:32,2
c1c729db5c94,2020/5/30 6:15,2
c1f874e795ec,2020/11/20 17:53,3
c202a861f37e,2020/1/23 12:03,1
c20d2661f15e,2020/4/25 21:36,1
c2421ba6c007,2020/7/29 10:45,1
c29fde96d449,2020/4/24 20:52,1
c2a8ff04783a,2020/10/10 12:44,1
c2ecfd312f03,2020/2/22 7:23,2
c2f77e610a55,2020/8/1 4:44,3
c310cde50e0f,2020/11/14 6:23,1
c31a6cfa1503,2020/10/26 15:41,2
c32348d5b765,2020/5/17 1:29,2
c331e7c76726,2020/3/29 14:10,1
c335dee86215,2020/9/24 13:47,2
c336769d03b2,2020/6/1 14:47,3
c34cbd88d571,2020/1/30 20:43,3
c35ff6aacc56,2020/1/1 21:33,2
c387f491cefd,2020/10/22 10:29,2
c387f491cefd,2020/4/13 20:47,2
c3d3d95d075f,2020/9/3 2:44,1
c3d82b334427,2020/2/9 11:54,3
c3db90caf873,2020/8/1 13:46,1
c407a2d32bbe,2020/6/19 22:18,2
c407a2d32bbe,2020/6/19 22:21,2
c409dc0cdbab,2020/3/5 20:41,1
c4249afdf5f2,2020/4/23 10:58,2
c42e858e449a,2020/4/5 7:42,1
c447aa028476,2020/3/25 13:20,3
c44fe68c711f,2020/7/27 10:00,2
c45564adb5f4,2020/1/1 16:25,2
c45b44be0d1d,2020/7/7 4:14,1
c466a14080f2,2020/4/20 8:41,2
c4b8f8c385b5,2020/6/26 4:54,2
c4d121d2da34,2020/3/14 7:24,1
c4defb82076e,2020/1/20 16:21,1
c51d723cebbf,2020/11/25 8:17,3
c52b11031e32,2020/3/9 5:45,2
c542cd97054d,2020/9/24 14:23,0
c54a8becd63d,2020/2/13 7:58,2
c56209a62c88,2020/8/6 6:31,2
c585b7178490,2020/2/2 9:13,1
c59c5b1be15c,2020/11/2 3:43,1
c5e6d733eb89,2020/7/14 7:10,2
c603df1d4356,2020/4/8 13:28,1
c6429b02aca9,2020/3/16 4:56,2
c646043e234d,2020/9/27 8:42,2
c659d26d11e0,2020/7/24 18:21,2
c66d2565ebef,2020/10/18 8:01,2
c67b124083a6,2020/7/9 16:59,0
c69215d1c35c,2020/5/31 20:05,2
c6c30811d0e5,2020/5/23 16:49,2
c7381625ca84,2020/11/24 12:01,0
c7388c822965,2020/11/3 4:28,2
c743cd66de0d,2020/9/24 1:42,1
c7475de58677,2020/1/12 9:44,2
c74f805ecb89,2020/6/16 22:34,3
c75688218b39,2020/10/24 8:36,2
c75688218b39,2020/10/23 2:39,2
c75ba0780ce0,2020/3/21 20:51,1
c77db22bc9d2,2020/3/12 7:40,1
c797610db72f,2020/1/27 12:36,2
c79e2a75636d,2020/7/22 10:21,2
c7a94732964c,2020/7/19 20:08,2
c7abce5c871d,2020/3/12 23:41,2
c7af0b7e8212,2020/5/3 20:21,0
c7cd533e91fe,2020/2/17 22:30,2
c7d59210f045,2020/10/29 12:29,3
c7e4156f136d,2020/1/24 19:10,1
c7e434eff575,2020/4/4 17:51,2
c7eb09274575,2020/3/17 17:12,2
c7f1ecfc4413,2020/4/19 22:37,2
c7f217457b93,2020/10/24 21:53,3
c7fe50bef7bc,2020/9/17 5:40,2
c817ebbe324a,2020/4/3 0:45,2
c82ee5f2ff08,2020/7/7 12:25,3
c8534de3ead8,2020/5/23 12:54,2
c87605a94469,2020/3/18 7:46,1
c8949d442fc4,2020/11/20 5:44,1
c8a38d23c83f,2020/3/6 2:03,2
c8ac78f2bd72,2020/1/6 9:28,1
c8c3778ea0bf,2020/11/9 15:03,2
c8c55aa5479f,2020/4/22 12:36,2
c8ee6ed0a226,2020/9/14 20:29,1
c8fdcb4c1a0c,2020/3/16 9:36,2
c925351fa453,2020/1/18 11:21,2
c944df882c5d,2020/4/25 5:33,2
c96020655c39,2020/3/18 14:43,3
c96b9be80bdf,2020/3/4 20:43,2
c9861f2d1991,2020/7/21 7:01,2
c99d993b4a02,2020/9/17 14:56,2
c9bc05a0b666,2020/4/15 7:24,2
c9bda1937fe8,2020/3/6 2:00,2
c9cb0c3d1207,2020/5/15 5:26,2
c9cfde13097a,2020/1/18 13:15,2
c9d2639e2e8f,2020/9/6 11:13,2
c9d2639e2e8f,2020/8/20 1:41,2
ca09117241de,2020/8/22 17:07,2
ca1b14b14440,2020/4/22 2:46,2
ca321aa723d6,2020/5/25 1:02,1
ca490cbbd576,2020/8/18 15:20,2
ca5037366cc3,2020/11/8 18:41,1
ca5dadec4bb1,2020/2/23 20:49,1
ca5dadec4bb1,2020/2/23 20:53,1
ca7a89cd09c6,2020/7/6 23:52,2
ca800795876e,2020/10/16 14:17,2
ca897d9251a1,2020/6/12 2:51,2
ca8b31e3d069,2020/1/23 13:52,2
cac380589d63,2019/12/31 0:56,1
caec33f8b84e,2020/8/7 22:53,1
caee8be5d914,2020/7/27 12:55,2
cb04c35844d1,2020/11/23 7:39,2
cb14d7ecd6df,2020/6/26 18:04,2
cb52aca4e085,2020/4/6 19:18,2
cb78b2e8dcfd,2020/4/27 4:20,1
cb84c0d9c82f,2020/11/3 6:42,2
cb88753cf874,2020/7/18 12:48,2
cb93273af17d,2020/2/20 8:50,2
cb980052a41b,2020/5/17 8:36,2
cba1da614cbe,2020/1/26 8:13,2
cbde705ad06f,2020/4/6 2:21,2
cbe347c5579e,2020/8/6 23:16,2
cbf729e67047,2020/8/5 1:51,2
cc2b8df51e4f,2020/9/24 16:24,2
cc8a21a12ba3,2020/5/23 20:22,1
cc8ff2e0c631,2020/3/6 7:54,3
cc9f918bef95,2020/3/20 2:14,2
ccac9360576c,2020/5/12 14:29,1
ccaf4c6d03ea,2020/10/8 14:17,2
ccd927fdf2bb,2020/10/5 10:25,1
cd1824880e4d,2020/1/11 20:57,1
cd283c57eb5e,2020/2/19 11:28,1
cdbc37a7f7b5,2020/6/24 10:25,1
cdccb0c69fa5,2020/9/8 21:12,1
cdd8d519f139,2020/3/10 5:41,2
cdddddf7b658,2020/1/3 19:15,2
cdf98c9d3d38,2020/5/21 18:41,2
ce0921613913,2020/3/7 13:03,3
ce23923bc5df,2020/3/26 3:41,1
ce56a95a1d0c,2020/4/17 9:57,2
ce64cb17c69a,2020/1/28 0:35,2
ce74764fbed9,2020/11/17 4:13,2
ce826ccdc11c,2020/5/15 23:29,2
ce82d44f9d68,2020/1/26 14:57,2
ced670d6b6ab,2020/6/8 18:02,2
ceee22ee3be8,2020/9/16 15:29,2
cf158c6c6bd4,2020/1/9 0:41,2
cf5285d1ed74,2020/4/8 14:18,2
cf5975cafa5d,2019/12/31 11:08,2
cf5d55bc75f2,2020/9/5 6:26,2
cf6452d586b2,2020/4/5 2:22,1
cf6fe0d43d3a,2020/2/16 0:35,2
cf75a68bbba8,2020/5/1 10:08,3
cf86a814cbdd,2020/5/23 8:09,1
cf9935ff3b8a,2020/3/17 14:14,1
cfa64b359f87,2020/9/18 19:23,3
cfd6db23d9f6,2020/5/19 21:36,2
cff21275e7bd,2020/5/5 17:21,2
cff5f23de361,2020/3/18 11:39,2
cffae7736d14,2020/1/20 7:15,2
d04a4f058162,2020/7/29 21:54,2
d050ef4275fc,2020/4/9 18:21,1
d088c92f34ba,2020/7/13 22:03,2
d08f198e72a6,2020/6/5 20:58,1
d0940b4e2077,2020/9/18 17:37,1
d0c060a5a9f5,2020/1/29 15:12,1
d0de31886d6b,2020/9/17 10:46,2
d0de31886d6b,2020/9/17 10:43,2
d167ec21fb71,2020/8/15 16:41,3
d17f52a85fbe,2020/9/11 14:06,2
d1bbb2839b8a,2020/6/20 12:44,1
d1dbe730a1c3,2020/4/28 4:33,2
d1dd9f3ecf2a,2020/1/31 5:14,3
d201757ab4be,2020/3/22 9:21,3
d222bcbe75bd,2020/3/2 22:43,3
d22438edc5ab,2020/7/21 12:05,3
d2425d573d32,2020/6/24 1:02,2
d25d41040fc8,2020/9/28 8:41,3
d25d41040fc8,2020/6/7 5:07,3
d27a57d22ec8,2020/5/6 8:04,2
d27c80c62084,2020/6/4 20:02,2
d29fd2c1ba18,2020/3/1 6:44,2
d2b99c5addb9,2020/3/19 15:48,2
d2b99c5addb9,2020/9/29 21:43,2
d308fadacba6,2020/1/31 18:52,2
d3104b973a9d,2020/6/6 16:48,2
d315ebb346e0,2020/1/23 11:40,1
d327dd5c6528,2020/7/10 23:22,2
d329b1546f78,2020/7/4 22:15,2
d32c876574d7,2020/3/10 5:36,1
d331d5664d04,2020/3/21 5:52,2
d34e337dd2cb,2020/5/13 4:57,2
d35052bb93d4,2020/2/21 0:05,2
d353d39ab68e,2020/5/21 14:06,1
d38b82f78df6,2020/5/9 6:56,2
d3d8b6f09d72,2020/3/5 1:48,3
d3f2c9b51d1d,2020/5/24 20:56,1
d3fdc9ead831,2020/9/24 18:13,1
d41f213cdf34,2020/7/19 20:44,2
d4216ee9e2da,2020/2/26 13:45,1
d422b9f3d843,2020/10/6 4:10,2
d45dc7da9b4b,2020/6/15 2:02,2
d46386770db2,2020/10/15 13:54,0
d47b95decc8e,2020/7/2 10:02,3
d4916d2303a1,2020/8/30 14:39,2
d4acce1244c4,2020/6/23 19:03,2
d4b5a34e13ed,2020/6/3 16:51,2
d4f2f442cb60,2020/8/5 14:58,2
d4f85de7ad4e,2020/2/1 8:50,1
d536dfe7d860,2020/4/14 5:53,2
d536dfe7d860,2020/3/23 9:32,2
d545717ac210,2020/4/20 14:25,3
d550f29a97f6,2020/3/27 11:04,2
d552542270a5,2020/3/17 5:07,2
d55cfbdedcf0,2020/8/6 12:34,2
d5755eb603bb,2020/10/4 0:51,2
d588ddca4ba2,2020/5/31 12:33,1
d5a415fbb3f6,2020/10/20 23:35,1
d5ab5e2eb2d3,2020/1/23 18:13,1
d5bcbc228db8,2020/6/3 15:47,3
d5d784455418,2020/5/7 7:44,1
d5f36e7eb4a9,2020/3/10 8:38,2
d603513521e9,2020/10/10 19:16,1
d61e518fb72e,2020/5/14 22:59,2
d6258a33a8aa,2020/5/13 10:36,2
d64d333587b8,2020/8/29 20:36,3
d65707b73b97,2020/10/1 3:12,2
d6724f6830e1,2020/11/2 10:33,1
d67c6d69ef8d,2020/2/1 14:31,2
d67f2af3ae03,2020/5/21 23:05,2
d69220a8663d,2020/2/9 9:54,2
d6932d1b04c0,2020/6/23 13:31,3
d69606ac7366,2020/3/18 20:59,3
d6a96b165f19,2020/1/19 4:19,1
d6da431ad945,2020/4/25 22:36,2
d701b5d9bfb0,2020/3/20 11:40,2
d70494df3e51,2020/7/1 22:56,1
d71aad6524bc,2020/4/2 12:53,3
d7347bb384c3,2020/10/18 4:41,2
d75c567d183a,2020/10/30 10:16,2
d79bf9bf847f,2020/11/7 5:01,3
d7a175b2c2df,2020/9/7 16:02,3
d7abf0620d56,2020/10/4 10:47,3
d7b672aa525a,2020/6/8 7:42,1
d7ca15888043,2020/7/13 1:53,1
d7ce575d584a,2020/7/19 8:28,2
d7e0bca2a8a0,2020/7/25 4:19,2
d8225613df94,2020/10/19 12:42,3
d8353ab83481,2020/6/15 23:13,3
d864b7b8aa41,2020/2/16 19:39,1
d86ce5043789,2020/9/2 9:55,2
d873ec725b07,2020/7/13 8:36,2
d8792313bb9d,2020/11/6 14:46,3
d87ca1671233,2020/10/22 4:42,2
d8eb04b742f8,2020/1/15 11:56,2
d8fb045fdebe,2020/10/27 14:13,2
d8fcaf403a98,2020/3/25 4:58,2
d907d2a78cea,2020/7/15 15:53,2
d9128d16c3f5,2020/3/14 14:50,1
d918edb2c159,2020/3/11 6:19,1
d9266e4100fa,2020/4/15 20:33,2
d92a7a6662d7,2020/2/3 18:03,2
d92db5cfa7b2,2020/4/22 4:09,2
d97f2120e6db,2020/7/10 17:46,2
d9802957ed04,2020/5/10 13:04,2
d9ab87b34092,2020/5/16 20:52,2
d9c50340fcbe,2020/10/5 11:41,2
da1d9ecd00a3,2020/4/13 20:49,1
da1d9ecd00a3,2020/3/23 19:22,1
da3646225339,2020/9/13 18:23,2
da36921002c3,2020/7/29 18:12,3
da3d87487634,2020/6/17 22:34,3
da55e9aa199f,2020/8/8 10:30,2
da7512fa74a4,2020/5/19 6:13,1
daa89f4a3b98,2020/2/29 12:21,2
dabe807a0de8,2020/9/19 11:39,2
dac3a5a32a3d,2020/1/1 19:20,2
dad6becbdaf7,2020/10/30 16:51,3
dae1f9fe1c2e,2020/4/4 11:14,3
db0b28a12f1d,2020/5/6 1:14,2
db0e66fdf97f,2020/1/5 15:48,1
db389b547555,2020/3/27 12:57,2
db78fc5f5309,2020/3/7 0:19,2
db78fc5f5309,2020/3/6 22:38,2
db79438c4414,2020/2/26 9:16,2
db8760171698,2020/7/7 13:18,3
dba470aa1899,2020/9/10 7:08,2
dba510540982,2020/6/24 22:00,2
dbc0c1bb13ad,2020/6/12 17:06,2
dbd1571c4881,2020/5/20 2:00,2
dbd620b087e2,2020/6/30 20:07,2
dbdd87d9d7a9,2020/2/23 4:51,2
dbe78edca31f,2020/9/7 1:52,2
dbf659813239,2020/3/12 14:14,2
dc03f6b29140,2020/4/13 13:38,2
dc0b133dbde7,2019/12/28 22:38,2
dc2c984e9ccf,2020/6/23 5:36,2
dc3dfb3e2419,2019/12/31 13:43,2
dc4c8582e1ec,2020/2/4 20:41,2
dc73dec1b96f,2020/6/4 19:43,1
dca45af48808,2020/9/1 15:13,1
dcaf3d3dbc54,2020/1/19 19:42,2
dcd6fdfb6509,2020/10/15 19:43,2
dcda66c3e15d,2020/4/10 12:11,0
dd0dcdb5059c,2020/6/3 6:02,2
dd1a46bc5143,2020/8/14 4:42,1
dd26360adf48,2020/1/5 9:44,2
dd2aa6695d18,2020/2/28 5:02,1
dd3587f73f66,2020/5/28 18:15,2
dd55af55ea6b,2020/4/21 12:50,1
dd596e50a1f0,2020/5/29 20:50,2
dd5f13d9ae26,2020/4/11 15:15,2
dd630eeb9475,2020/9/7 7:32,3
dd720c15970d,2020/9/4 2:48,1
dd720c15970d,2020/10/14 4:46,1
dd8d126417a2,2020/6/13 11:49,2
de3504b77ce3,2020/5/8 11:52,2
de389c31183c,2020/1/30 11:51,2
de5efc0131ac,2020/10/13 8:12,1
de651dc11960,2020/8/27 17:23,3
de669b2cd5d7,2020/1/27 11:51,1
de6cf4cf30ce,2020/8/8 4:21,2
dea75cab36d9,2020/11/1 15:36,1
dea8f3ac2c8b,2020/5/11 20:15,2
ded349897132,2020/3/5 14:14,1
dedb662972b0,2020/3/29 5:48,0
df0051c3b7f3,2020/9/29 12:36,0
df034ebf98e4,2020/1/19 12:44,0
df128349d4a3,2020/8/15 9:14,1
df381f1e2490,2020/5/23 11:56,2
df583722bddb,2020/4/12 20:46,2
df62575dfa26,2020/1/24 21:40,2
df6c5b934ed4,2020/7/1 13:11,2
df798313bc30,2020/6/20 9:11,3
df90f7903335,2019/12/30 0:40,2
dfa9a22a0c0c,2020/10/19 3:27,1
dfccee2ad0ff,2020/3/13 7:52,2
dfd3abd16403,2020/8/29 15:53,3
dfe476d29c1b,2020/5/17 13:53,2
dff02612a086,2020/7/25 3:40,2
dff15c08586b,2020/10/29 0:17,2
dff15c08586b,2020/10/28 23:40,2
e0114089d63c,2020/5/17 20:55,2
e0429aa78a0f,2020/5/31 20:48,1
e079e06c4a4d,2020/2/28 5:00,0
e07cdadfc06a,2020/10/28 18:34,1
e07eccd3b9b7,2020/8/7 18:41,1
e08affe13522,2020/2/18 13:58,1
e0e1951cc834,2020/1/26 5:15,1
e0f082e4d198,2020/5/30 6:02,1
e10eacda607c,2020/5/10 17:38,2
e11b301b5f60,2020/10/4 15:39,3
e11dc89aaea3,2020/4/12 16:04,3
e13e9c359650,2020/1/8 14:34,2
e1716f8aa8fb,2020/2/23 9:42,2
e18a9ee5f6fd,2020/8/15 3:59,2
e19283f80896,2020/3/31 12:38,2
e1ae112eb6c6,2020/6/18 20:39,2
e1b4d39f6fd5,2020/11/19 9:50,1
e1d46b7b3e6e,2020/2/12 18:52,2
e1d75ab720b0,2020/6/2 15:03,1
e1f040c6d130,2020/3/25 16:51,2
e1f34fc45aee,2020/1/16 14:06,1
e214604714a7,2020/1/12 0:45,2
e228a874a744,2020/5/1 17:44,2
e239ece857b6,2020/5/18 12:57,2
e23ecd324466,2020/9/14 11:36,2
e24eaa17e8d7,2020/9/1 7:49,1
e27384830716,2020/11/12 3:26,1
e27d9dc0a2b0,2020/5/19 12:45,2
e288c2cdc38b,2020/6/8 11:25,3
e28abe5102ec,2020/8/12 4:53,3
e2972b242435,2020/3/22 1:43,1
e2a133a280b8,2020/1/15 13:01,2
e2acf2f88234,2020/10/19 14:41,3
e2ae7497edc4,2020/5/12 12:43,1
e2b239e5db1c,2020/9/13 5:08,2
e2eb62cd9238,2020/1/15 20:46,2
e30111478cae,2020/5/26 7:37,3
e3119dd35a65,2020/7/4 3:09,1
e3210e19abcb,2020/8/20 15:58,1
e35217ad0b22,2020/10/6 16:20,0
e3597750aa51,2020/1/21 20:11,1
e3724b863575,2020/11/25 17:01,3
e38acfb38bca,2020/10/11 19:55,2
e39103ac43ff,2020/7/27 12:02,3
e3a62094fc2a,2020/4/4 17:41,3
e3a621c9c0cb,2020/7/16 12:36,2
e3aa2aa151ad,2020/9/8 9:48,1
e3b96ebf79ca,2020/8/15 8:20,1
e3c7f5046cd7,2020/6/26 19:24,2
e3fe436c59e8,2020/9/1 10:27,2
e4046a4fafc8,2020/10/8 8:25,2
e41f5a52a323,2020/5/2 21:57,3
e42230817632,2020/4/10 6:52,2
e42230817632,2020/4/10 5:27,2
e44473c819d8,2020/4/12 20:18,2
e44d437ee8bf,2020/5/9 20:10,2
e45b0ccced84,2020/6/29 4:10,1
e47cfa0d2bc0,2020/10/13 20:46,2
e4981cf0558b,2020/7/19 4:31,3
e4b12553c0f3,2020/8/30 1:24,2
e4bca179bff2,2020/2/8 8:45,2
e4bca179bff2,2020/2/8 8:49,2
e4c742736b76,2020/4/27 10:13,1
e4c998f655fc,2020/6/20 12:08,2
e4db5501c395,2020/10/17 8:58,2
e500857d4b29,2020/2/8 21:26,2
e5357db595a8,2020/10/27 1:57,2
e53d242813ba,2020/5/11 18:49,2
e5485ebf256b,2020/9/12 2:29,2
e5606fe542dc,2020/5/27 3:19,2
e5b0162213a5,2020/4/11 1:42,1
e5b1ea24da82,2020/10/16 21:08,2
e5bd2531aa0a,2020/9/15 3:09,1
e5c549df3482,2020/9/9 17:54,2
e5ce3314a64f,2020/1/1 13:03,3
e5d7ea935809,2019/12/29 13:36,2
e5e6ac77a312,2020/4/28 12:50,0
e61bea50b365,2020/2/1 8:33,2
e6311c28facb,2020/7/29 4:52,2
e6311c28facb,2020/7/29 4:48,2
e64ffc96b963,2020/10/31 2:02,1
e65542abacf6,2020/1/10 16:53,1
e66b0b7f13a1,2020/4/17 17:27,2
e69649478b14,2020/7/8 19:53,2
e6de4037134a,2020/4/21 12:50,2
e6e5b1e6a080,2020/7/2 20:08,0
e6ec6efb64c2,2020/3/10 3:51,1
e6f0b37f233d,2020/2/1 13:39,1
e711c37e3092,2020/1/14 9:19,1
e7274c1b6423,2020/3/23 23:46,2
e74764604d60,2020/11/21 19:40,2
e74f07e6a48f,2020/9/6 10:34,1
e7741d8cb479,2020/9/5 21:56,2
e78e8aede987,2020/8/29 0:34,3
e7a4ae235f31,2019/12/28 11:05,3
e7a7727cd0f9,2020/1/1 18:36,3
e7b033af21f8,2020/9/1 21:59,3
e7b422a91e3e,2020/6/30 13:45,3
e7d44239d86a,2020/8/29 8:27,2
e7f46a66017b,2020/10/12 12:17,1
e817bf24c1e9,2020/1/27 20:40,2
e81be6f1469a,2020/5/9 11:53,2
e83d7d6dd471,2020/8/28 5:13,1
e84e28a08070,2020/7/19 15:57,2
e85b7dcc41cc,2020/2/11 22:50,2
e89d5b2dcd39,2020/2/3 20:27,1
e8b158de65d1,2020/10/5 22:27,2
e8ed79a11321,2020/3/27 5:55,3
e8ef1b719ee9,2020/7/23 13:36,1
e8efdfca57ff,2020/7/10 18:13,2
e8f48b3fe138,2020/7/5 12:28,2
e908c0bf5b10,2020/1/11 2:13,2
e924c2d3fa77,2020/1/15 17:20,3
e9360c150125,2020/4/23 6:55,3
e94faf684987,2020/4/16 3:05,2
e965621459f9,2020/3/30 15:33,2
e9700345c114,2020/2/4 9:11,3
e99f816bb5b5,2020/1/11 12:09,2
e9a60085bebe,2020/9/26 17:11,1
e9a71bb07c9e,2020/8/31 15:09,1
e9c486fe9af0,2020/5/26 1:15,2
e9e3bc052817,2020/2/2 12:13,1
e9e5ba3adec3,2020/11/13 15:57,2
e9f489949e11,2020/4/16 0:39,2
ea0498aba5c5,2020/8/15 13:17,1
ea071514b179,2020/5/8 2:08,2
ea42d2ccb030,2020/8/4 15:19,3
ea6815022cf1,2020/1/18 21:03,3
ea926b98ae2b,2020/10/22 8:22,2
eaab570baf78,2020/7/7 5:12,2
eaac163cad15,2020/7/19 19:42,3
eaba3a48f631,2020/8/10 8:41,2
eabf5d368869,2020/10/13 23:13,1
eac5133dbc28,2020/8/1 3:04,2
eb1a5da14544,2020/8/22 5:30,2
eb1b5c947f1a,2020/2/15 16:46,2
eb2c3149330d,2020/8/11 14:09,2
eb456a0c517b,2020/8/22 14:57,3
eb5d15dd6da2,2020/2/2 19:57,2
eb75b51def32,2020/5/14 17:05,2
eb7a13c1f652,2020/9/7 19:14,2
eb7c33353142,2020/9/9 13:13,2
eb933c9bb655,2020/11/5 8:54,2
ebb6ac598535,2020/7/4 5:06,2
ebe2e154affd,2020/1/17 12:00,3
ebf55fd38500,2020/3/7 14:13,2
ec0a8b4e73aa,2020/2/29 7:59,2
ec1ea270f2d2,2020/7/31 12:30,2
ec1f4cfa0e16,2020/9/20 13:54,1
ec27033a2835,2020/5/9 20:19,1
ec5731cb9329,2020/9/8 21:14,3
ec5731cb9329,2020/8/19 19:44,3
ec66c021484e,2020/1/23 4:58,2
ec7016a6d090,2020/5/7 17:59,2
ec733a0ec945,2020/3/18 14:59,2
ec76c15c4da3,2020/1/7 6:38,3
ecb1476b0e50,2020/4/3 20:54,1
ecc46c1370a8,2020/10/25 8:04,2
eccec8758ad5,2020/9/29 8:13,3
eccec8758ad5,2020/9/1 21:53,3
ed0035808893,2020/9/13 5:56,2
ed031c4b6c0a,2020/4/20 9:03,2
ed15268c7d2d,2020/4/28 22:30,2
ed242862908f,2020/9/18 12:44,3
ed7bceca9cf7,2020/11/3 9:37,2
edacc1c71bc1,2020/5/1 15:29,1
eddfb1459d01,2020/7/28 8:39,2
ee00032d50ca,2020/8/28 15:45,3
ee70442236e4,2020/1/3 2:42,2
ee842db55f69,2020/6/26 17:27,1
ee89db714025,2020/10/11 2:32,1
eeaa860d0dde,2020/3/26 19:31,2
eec3d17b0128,2020/9/4 1:27,2
eec3d17b0128,2020/9/1 23:51,2
eec3d17b0128,2020/9/1 16:11,2
eecd52223d76,2020/7/8 12:41,1
ef0114571d84,2020/4/2 5:08,1
ef3ce388ba57,2020/6/25 17:52,1
ef3ea6593c16,2020/1/22 21:27,2
ef54a1cfcd36,2020/1/7 6:41,1
ef5fe6472e05,2020/5/5 7:48,2
ef7974601e2f,2020/4/28 9:40,2
efb03a79180e,2020/11/23 5:18,3
efbad11504ef,2020/7/17 17:41,2
efc22d60b22b,2020/8/27 15:49,1
efe43dedbf30,2020/1/28 6:44,1
f0041504c981,2020/6/26 10:44,1
f00aca962c8b,2020/1/24 6:11,1
f015e04245d8,2020/2/20 7:53,1
f015e04245d8,2020/1/25 19:11,1
f0211876ccd5,2020/9/12 4:23,1
f02307339a32,2020/4/28 8:46,2
f06baa611dc9,2020/3/13 19:28,3
f0834511fc0c,2020/11/23 1:36,1
f090e48b79b2,2020/6/28 14:49,1
f0d5f6043266,2020/6/15 8:28,2
f0eeb86c8ebb,2020/6/24 7:04,1
f10de1f7f82d,2020/3/27 14:17,1
f13d4723fa3f,2020/8/5 10:42,1
f15ecd6058bb,2020/3/8 20:11,2
f15f4d661bc2,2020/7/10 19:04,3
f16d512f0da9,2020/1/3 11:05,2
f176314e3de2,2020/3/3 7:17,1
f1867adf18e5,2019/12/28 9:55,2
f197d4134984,2020/4/1 12:34,2
f1b5a334cba2,2020/2/16 20:28,2
f1d2cea1b5d8,2020/1/20 17:40,2
f1dafa8482b4,2020/4/29 12:52,2
f1eba2b1d05b,2020/6/5 12:50,1
f1faa6c5588b,2020/3/12 4:33,2
f218f65b95a6,2020/11/11 14:18,1
f229b223e379,2020/5/30 19:45,1
f2399aaf63cf,2020/9/27 11:27,2
f24dc0118281,2020/8/27 14:31,3
f26dafd8a3d3,2020/11/23 16:28,2
f28158ea3fd8,2020/5/5 14:43,2
f2a2f74e10d8,2020/9/12 19:06,1
f2aa200301cf,2020/4/24 0:45,2
f2c955d091d0,2020/5/22 9:08,2
f2cfbeaa83cf,2020/10/10 15:49,3
f2e06bae1d55,2020/5/22 12:15,2
f31a60fa71c8,2020/6/20 5:39,2
f32403439af8,2020/7/3 7:09,2
f3246d61ec00,2020/6/25 6:55,2
f3275b9f1ce2,2020/9/1 21:01,1
f3372b39c6b8,2020/4/26 13:02,2
f3372b39c6b8,2020/5/1 18:41,2
f37113a51850,2020/11/2 7:54,1
f37a734bfe59,2020/10/9 22:21,1
f3a349599a28,2020/10/6 15:24,3
f3a451829161,2020/1/20 13:31,2
f3f78e1f91f4,2020/6/21 5:45,2
f420c77d5ddb,2020/2/1 13:11,1
f44845d2ab89,2020/1/13 9:11,1
f4603efb7309,2020/3/1 15:40,1
f467c19c4905,2020/11/1 8:35,1
f499535f3ba9,2020/4/30 14:19,1
f49e1d809e80,2020/4/11 0:08,3
f4a3e269e442,2020/7/31 5:46,1
f4a70cf31327,2020/6/28 13:46,1
f4af54495497,2020/8/26 15:11,1
f4c4b47ebb8b,2020/9/25 16:50,1
f4fcdcbe129b,2020/11/17 9:37,2
f516f2133525,2020/1/9 21:19,2
f532ccbbce99,2020/10/18 0:09,3
f58a9fcc7242,2020/1/11 23:23,3
f59a8acfcd79,2020/8/1 12:50,1
f5a574ce2ca6,2020/9/13 9:59,2
f5c3c05240ed,2020/10/10 1:50,3
f5d53b2843ca,2020/10/5 16:22,2
f5d739e95111,2020/6/1 8:15,1
f60a55149f36,2020/5/26 19:44,2
f6118dde20e6,2020/8/3 2:03,1
f637afd5eb85,2020/10/18 22:37,2
f6462aabc8cb,2020/6/6 12:03,2
f64b2970bdeb,2020/2/10 16:12,3
f658df49c338,2020/11/22 13:12,3
f66aee4ce700,2020/5/28 22:10,2
f66e79ca9127,2020/3/26 16:22,2
f6a234b15f9a,2020/10/4 11:19,2
f6b941a74313,2020/6/25 2:58,2
f6b941a74313,2020/6/22 23:26,2
f6bf84715cac,2020/11/14 15:21,2
f6e5f3124f5f,2020/11/9 11:31,3
f6ee4449f8af,2020/6/22 11:50,1
f700fc00dbfd,2020/4/14 17:04,2
f709111d53a8,2020/1/16 13:40,2
f7320a055761,2020/4/4 7:43,2
f768ed89bdfc,2020/1/3 20:50,2
f76911bee899,2020/7/12 15:21,2
f773ac8c8fb3,2020/9/6 3:41,2
f77538734c88,2020/11/17 13:44,1
f796555c87fa,2020/1/1 15:55,1
f7de0e5ccc5d,2020/3/26 15:42,2
f8097ee49558,2020/7/19 20:44,1
f8097ee49558,2020/3/3 8:10,1
f8097ee49558,2020/3/14 11:37,1
f80a03811164,2020/1/10 15:32,1
f80f1ffdb7ba,2020/5/19 11:36,1
f80f1ffdb7ba,2020/6/18 4:43,1
f8123d630e6f,2020/11/6 5:24,3
f817e1c6fcb7,2020/7/4 10:22,2
f81d627d9a64,2020/10/20 16:34,1
f83d8e9b1d13,2020/6/25 4:08,2
f8428f9b1889,2020/4/2 14:47,3
f854fc8f4e72,2020/11/21 17:59,2
f863bd2e30dc,2020/4/16 16:32,2
f867bf9878a0,2020/8/5 13:36,1
f88f9f5cd510,2020/6/23 15:27,1
f8a938bbe659,2020/7/11 22:49,2
f8c8606d2db8,2020/7/29 3:58,1
f8d0deed2982,2020/1/4 17:46,3
f8ef8541ce58,2020/4/30 9:06,2
f91070552907,2020/3/11 11:46,3
f919f75b267d,2020/7/25 2:39,2
f91ca0facfbb,2020/7/31 16:13,1
f960c76323ce,2020/8/5 16:35,2
f97ffe7b6ca7,2020/4/28 2:20,2
f9a2336f4f2e,2020/3/11 17:37,2
f9cd8934e795,2020/10/15 9:11,1
f9e720b33dc5,2020/2/7 19:35,1
f9ed122f5f61,2020/2/19 10:20,3
fa044abc9a47,2020/1/7 18:10,3
fa09534de3da,2020/7/25 16:37,2
fa1498295d40,2020/4/16 5:19,2
fa186aefc01d,2020/9/11 11:29,2
fa2f4391f510,2020/8/16 0:46,2
fa3fcf43fd20,2020/5/11 8:24,1
fa7381f957db,2020/5/13 2:02,3
fa851bde7123,2020/9/5 5:46,2
fa851bde7123,2020/9/5 5:10,2
fa8cbf961189,2020/9/12 11:26,2
fa94df922676,2020/3/5 18:58,2
fab7354412fb,2020/9/25 14:45,1
faeea106a425,2020/9/27 20:21,2
faf0ac367404,2020/11/12 0:09,2
fb2377b8b762,2020/6/11 14:11,1
fb2ce527a4a3,2020/3/13 0:14,2
fb37dc21dd72,2020/6/12 18:54,2
fb6805e23fdc,2020/2/24 22:05,2
fb7c11d907b3,2020/2/26 18:32,2
fb7ea8cc4667,2020/10/13 4:47,3
fb7f73443b18,2020/6/24 1:52,2
fb7f73443b18,2020/6/25 10:05,2
fb8342bb056a,2020/2/20 17:16,1
fb9ea57b4a58,2020/2/29 14:42,1
fb9fea0b2ebc,2020/8/19 13:23,3
fbac36f6982b,2020/2/18 14:51,2
fbafd8863d02,2020/5/26 21:48,1
fc05ab819692,2020/1/14 9:16,1
fc2177bca7b7,2020/5/20 13:30,1
fc260a345f07,2020/11/18 14:22,1
fc2b836adfad,2020/5/9 5:55,2
fc54a09f3f59,2020/7/28 16:11,2
fc5597214422,2020/10/19 13:35,2
fc56da4fea94,2020/3/1 9:42,2
fc64e0c77d6e,2020/4/6 3:58,2
fc64e0c77d6e,2020/4/4 15:23,2
fc9457701a80,2020/3/15 23:26,2
fc965575507a,2020/2/7 7:45,1
fca123853b8a,2020/9/23 19:21,2
fca1fa19bd48,2020/2/29 23:37,2
fca286e8fef7,2020/11/6 20:34,1
fcb96d7ac147,2020/7/15 4:54,2
fcccf3f38874,2020/8/28 20:39,1
fcd7bd819bf4,2020/6/21 6:38,3
fcee4c28e46b,2020/4/19 16:00,2
fcfb63c6afbe,2020/1/12 3:41,2
fd1aa35f9c06,2020/6/26 21:13,2
fd6ef80ac41f,2020/1/13 17:40,2
fd786440316a,2020/3/20 13:13,1
fde09252580c,2020/1/24 2:41,2
fde326cad6bc,2020/9/13 0:45,3
fdf7ffa147ba,2020/8/18 20:19,2
fe039115754e,2020/8/28 3:12,2
fe094ca24b73,2020/2/12 4:49,2
fe293ce59653,2020/3/9 3:20,2
fe2edf985065,2020/9/6 17:54,2
fe30820eac9e,2020/1/12 10:11,2
fe34e96debf2,2020/2/12 0:52,2
fe509ed7fe6a,2020/6/6 8:15,2
fe75818f282a,2020/7/19 15:54,0
fe843704d08a,2020/7/22 19:22,2
fe8b5a49fcb5,2020/6/7 17:44,2
feb62f9f0bd4,2020/2/7 5:05,2
feec871807d7,2020/6/29 0:06,2
ff569508924a,2020/9/4 21:02,2
ff569508924a,2020/10/29 9:29,2
ffb88d0d35ac,2020/11/3 12:20,3
ffbf46b4af21,2019/12/28 20:10,2
ffc229b6cd9a,2020/6/27 2:39,2
ffd44698a52b,2020/1/21 15:46,2
fff73a9e5bd5,2020/3/1 22:43,2
fffd22fffe19,2020/1/21 19:22,1
